{"stats":{"minecraft:custom":{"minecraft:time_since_rest":6,"lootr:looted_stat":13,"minecraft:sprint_one_cm":36501,"minecraft:damage_taken":541,"minecraft:walk_one_cm":58976,"minecraft:mob_kills":1,"minecraft:drop":6,"minecraft:damage_dealt":271,"minecraft:interact_with_crafting_table":1,"minecraft:fly_one_cm":123742,"minecraft:crouch_one_cm":2159,"minecraft:play_time":37123,"minecraft:deaths":1,"minecraft:sneak_time":714,"minecraft:walk_under_water_one_cm":3788,"minecraft:jump":266,"minecraft:interact_with_brewingstand":1,"minecraft:leave_game":5,"minecraft:time_since_death":0,"minecraft:walk_on_water_one_cm":2755,"minecraft:climb_one_cm":141,"minecraft:total_world_time":37123,"minecraft:fall_one_cm":3774},"minecraft:killed":{"born_in_chaos_v1:maggot":1},"minecraft:used":{"spartanweaponry:iron_battleaxe":1,"born_in_chaos_v1:corpse_maggot":1,"minecraft:apple":4,"minecraft:bread":4,"endofherobrine:netherrack_totem":13,"spartanweaponry:iron_glaive":3,"minecraft:dirt":8,"minecraft:egg":1},"minecraft:mined":{"minecraft:fire":1,"regions_unexplored:pine_leaves":1,"minecraft:grass":2,"minecraft:grass_block":5,"minecraft:dirt":4,"regions_unexplored:medium_grass":2},"minecraft:picked_up":{"born_in_chaos_v1:corpse_maggot":1,"rustic_engineer:dragonfly_item":1,"minecraft:potato":4,"minecraft:dirt":8,"minecraft:rotten_flesh":1,"minecraft:wheat_seeds":3,"minecraft:bucket":2,"endofherobrine:netherrack_totem":1,"minecraft:coal":124,"minecraft:egg":1},"minecraft:dropped":{"minecraft:lava_bucket":2,"minecraft:wheat_seeds":2,"endofherobrine:netherrack_totem":1,"minecraft:bucket":2}},"DataVersion":3465}