{"stats":{"minecraft:custom":{"minecraft:time_since_rest":10173,"minecraft:play_time":19524,"minecraft:crouch_one_cm":162,"lootr:looted_stat":11,"minecraft:sprint_one_cm":42871,"minecraft:damage_taken":170,"minecraft:walk_one_cm":28456,"minecraft:sneak_time":91,"minecraft:walk_under_water_one_cm":1870,"minecraft:drop":5,"minecraft:jump":199,"minecraft:time_since_death":19524,"minecraft:walk_on_water_one_cm":1539,"minecraft:sleep_in_bed":1,"minecraft:total_world_time":19524,"minecraft:climb_one_cm":1889,"minecraft:swim_one_cm":2923,"minecraft:fall_one_cm":7404,"minecraft:fly_one_cm":38232},"minecraft:mined":{"minecraft:grass_block":1,"minecraft:grass":6,"chococraft:gysahl_green":7,"duneons:mossendirt":3,"minecraft:oak_stairs":2,"duneons:flowerscactuspink":2,"minecraft:dirt":2,"duneons:monstera":2,"minecraft:tall_grass":1,"duneons:andesitebreked":2},"minecraft:dropped":{"minecraft:oak_stairs":2,"minecraft:wheat_seeds":2,"minecraft:dirt":1,"duneons:mossendirt":3},"minecraft:picked_up":{"chococraft:loverly_gysahl_green":1,"duneons:mossendirt":3,"chococraft:gysahl_green":16,"duneons:flowerscactuspink":2,"minecraft:wheat_seeds":2,"duneons:monstera":2,"minecraft:oak_stairs":2,"chococraft:gysahl_green_seeds":7,"minecraft:dirt":3},"minecraft:used":{"duneons:monstera":2,"minecraft:dirt":2,"minecraft:bread":5}},"DataVersion":3465}