{"stats":{"minecraft:killed":{"born_in_chaos_v1:restless_spirit":1,"enemyexpansion:vampbiter":1,"minecraft:spider":2,"enemyexpansion:direwolf":1,"born_in_chaos_v1:baby_skeleton_minion":2,"born_in_chaos_v1:maggot":5,"minecraft:skeleton":3,"born_in_chaos_v1:baby_spider":11,"born_in_chaos_v1:firelight_not_despawn":3,"born_in_chaos_v1:bonescaller":1,"born_in_chaos_v1:diamond_termite":1,"born_in_chaos_v1:spirit_guide_assistant":1,"enemyexpansion:sprinter":2,"mowziesmobs:umvuthana_follower_raptor":4,"born_in_chaos_v1:mother_spider":1,"minecraft:creeper":1,"born_in_chaos_v1:decrepit_skeleton":2,"minecraft:sheep":3,"minecraft:zombie":10,"born_in_chaos_v1:dread_hound":2,"enemyexpansion:vampire":1,"born_in_chaos_v1:corpse_fly":1,"alexsmobs:gazelle":1,"born_in_chaos_v1:dark_vortex":1,"enemyexpansion:botfly":8,"enemyexpansion:huntsman":1,"minecraft:player":1,"mowziesmobs:umvuthana_raptor":1,"minecraft:cow":4},"minecraft:custom":{"lootr:looted_stat":37,"minecraft:mob_kills":77,"minecraft:interact_with_crafting_table":13,"minecraft:interact_with_campfire":21,"minecraft:damage_dealt_resisted":1121,"minecraft:leave_game":2,"minecraft:time_since_death":21230,"minecraft:climb_one_cm":12664,"minecraft:sprint_one_cm":377094,"minecraft:walk_one_cm":211304,"minecraft:drop":58,"minecraft:play_time":142991,"minecraft:deaths":6,"minecraft:sneak_time":2321,"minecraft:walk_under_water_one_cm":10201,"minecraft:boat_one_cm":681007,"minecraft:jump":2518,"minecraft:walk_on_water_one_cm":33934,"minecraft:total_world_time":142991,"minecraft:interact_with_furnace":15,"tombstone:raider_killed":7,"minecraft:sleep_in_bed":6,"minecraft:time_since_rest":16587,"minecraft:damage_taken":3646,"minecraft:damage_dealt":11090,"minecraft:fly_one_cm":523770,"minecraft:swim_one_cm":49357,"minecraft:open_chest":5,"minecraft:crouch_one_cm":5272,"tombstone:undead_killed":24,"minecraft:aviate_one_cm":334,"minecraft:fall_one_cm":76165},"minecraft:mined":{"minecraft:grass_block":4,"duneons:flowerscactuspink":2,"minecraft:hay_block":3,"regions_unexplored:baobab_log":10,"duneons:monstera":2,"minecraft:iron_ore":20,"chococraft:gysahl_green":15,"minecraft:deepslate_iron_ore":5,"minecraft:oak_stairs":3,"duneons:mossendirt":3,"minecraft:stripped_oak_log":1,"regions_unexplored:medium_grass":6,"minecraft:stone":28,"regions_unexplored:windswept_grass":1,"regions_unexplored:flowering_shrub":1,"duneons:andesitebreked":2,"regions_unexplored:felicia_daisy":1,"jeg:scrap_ore":1,"minecraft:torch":1,"regions_unexplored:baobab_shrub":1,"minecraft:chest":1,"minecraft:tall_grass":1,"regions_unexplored:daisy":1,"regions_unexplored:hyssop":2,"minecraft:grass":14,"minecraft:coal_ore":1,"minecraft:sand":2,"minecraft:dirt":5,"minecraft:oak_leaves":3,"regions_unexplored:fireweed":2},"minecraft:crafted":{"regions_unexplored:baobab_planks":28,"minecraft:oak_planks":4,"extraarmor:emerald_helmet":1,"extraarmor:emerald_leggings":1,"minecraft:furnace":1,"farmersdelight:safety_net":1,"minecraft:stone_pickaxe":1,"minecraft:chest":1,"minecraft:wheat":27,"minecraft:crafting_table":1,"minecraft:baked_potato":30,"minecraft:campfire":1,"minecraft:stone_axe":1,"minecraft:air":0,"regions_unexplored:baobab_boat":1,"minecraft:stick":16,"mores:emerald_chestplate":1,"mores:emerald_boots":1},"minecraft:used":{"duneons:greenswoed":167,"minecraft:chest":2,"minecraft:torch":5,"mowziesmobs:umvuthana_mask_bliss":2,"minecraft:dirt":7,"farmersdelight:flint_knife":4,"regions_unexplored:baobab_boat":5,"mores:steel_helmet":2,"regions_unexplored:baobab_shrub":1,"born_in_chaos_v1:gnawed_bones":1,"minecraft:furnace":1,"tombstone:gift":1,"farmersdelight:cooked_mutton_chops":5,"duneons:monstera":2,"minecraft:stone_pickaxe":1,"minecraft:cookie":4,"farmersdelight:onion":11,"minecraft:sand":3,"minecraft:crafting_table":1,"duneons:strengthenironpickaxe":69,"minecraft:campfire":1,"minecraft:bread":36,"tombstone:grave_key":5,"minecraft:stone_axe":13,"farmersdelight:cooked_bacon":2,"minecraft:cobblestone":14,"chococraft:gysahl_green":11},"minecraft:picked_up":{"chococraft:loverly_gysahl_green":2,"born_in_chaos_v1:diamond_termite_shard":1,"born_in_chaos_v1:seedof_chaos":1,"minecraft:oak_stairs":3,"alexsmobs:gazelle_horn":1,"minecraft:string":3,"minecraft:beef":4,"born_in_chaos_v1:gnawed_bones":1,"minecraft:chest":1,"minecraft:stick":2,"minecraft:raw_iron":25,"regions_unexplored:ash_vent":1,"minecraft:torch":5,"duneons:greenswoed":1,"tombstone:grave_dust":2,"regions_unexplored:baobab_shrub":1,"minecraft:redstone":1,"minecraft:arrow":2,"minecraft:rotten_flesh":9,"duneons:monstera":2,"minecraft:hay_block":3,"mowziesmobs:umvuthana_mask_bliss":1,"minecraft:mutton":6,"minecraft:white_wool":7,"minecraft:cobblestone":28,"born_in_chaos_v1:fused_bone":1,"minecraft:stripped_oak_log":1,"born_in_chaos_v1:corpse_maggot":31,"minecraft:feather":2,"minecraft:cooked_beef":3,"born_in_chaos_v1:monster_flesh":1,"born_in_chaos_v1:spiritual_dust":6,"minecraft:leather":8,"farmersdelight:safety_net":1,"farmersdelight:cooked_bacon":2,"jeg:scrap":2,"minecraft:gunpowder":1,"minecraft:dirt":9,"born_in_chaos_v1:monster_skin":2,"minecraft:cooked_mutton":3,"minecraft:bone":8,"chococraft:gysahl_green":43,"duneons:mossendirt":3,"chococraft:gold_gysahl":2,"minecraft:wheat_seeds":2,"minecraft:iron_ingot":1,"minecraft:stone_pickaxe":2,"minecraft:cooked_porkchop":8,"duneons:flowerscactuspink":2,"alexsmobs:shark_tooth":1,"born_in_chaos_v1:ethereal_spirit":2,"regions_unexplored:baobab_boat":5,"regions_unexplored:baobab_planks":2,"born_in_chaos_v1:dark_rod":1,"minecraft:sand":3,"chococraft:gysahl_green_seeds":13,"minecraft:spider_eye":1,"farmersdelight:cooked_mutton_chops":5,"born_in_chaos_v1:fire_dust":3,"minecraft:painting":1,"minecraft:bread":5,"minecraft:coal":1,"regions_unexplored:baobab_log":10},"minecraft:dropped":{"minecraft:bread":5,"minecraft:wheat_seeds":2,"minecraft:baked_potato":30,"duneons:mossendirt":3,"minecraft:feather":2,"minecraft:cookie":9,"chococraft:gysahl_green_seeds":7,"jeg:scrap":3,"irons_spellbooks:scroll":1,"born_in_chaos_v1:monster_flesh":1,"minecraft:dirt":2,"mowziesmobs:umvuthana_mask_bliss":1,"farmersdelight:safety_net":2,"minecraft:oak_stairs":2,"minecraft:string":3,"jeg:tech_trash":1,"minecraft:white_wool":11,"minecraft:bone":6,"rustic_engineer:book_airship":1,"minecraft:redstone":1,"alexsmobs:gazelle_horn":1,"duneons:greenswoed":1,"born_in_chaos_v1:fire_dust":2,"minecraft:wheat":27,"minecraft:rotten_flesh":7,"mores:raw_cobalt":6,"born_in_chaos_v1:spiritual_dust":3,"regions_unexplored:baobab_planks":2,"regions_unexplored:ash_vent":1,"minecraft:gunpowder":1,"born_in_chaos_v1:corpse_maggot":31,"farmersdelight:rope":15,"minecraft:spider_eye":1,"minecraft:painting":1,"minecraft:arrow":2,"minecraft:stone_pickaxe":1,"duneons:flowerscactuspink":2,"alexsmobs:shark_tooth":1,"chococraft:gysahl_green":32}},"DataVersion":3465}