{"stats":{"minecraft:killed":{"born_in_chaos_v1:spirit_guide_assistant":1,"mowziesmobs:umvuthana_follower_raptor":4,"alexsmobs:gazelle":1,"minecraft:player":1,"mowziesmobs:umvuthana_raptor":1,"born_in_chaos_v1:firelight_not_despawn":2},"minecraft:custom":{"minecraft:interact_with_furnace":6,"lootr:looted_stat":28,"minecraft:mob_kills":9,"minecraft:interact_with_crafting_table":8,"minecraft:interact_with_campfire":21,"minecraft:damage_dealt_resisted":40,"minecraft:time_since_death":7696,"minecraft:sleep_in_bed":4,"minecraft:climb_one_cm":12168,"minecraft:time_since_rest":839,"minecraft:sprint_one_cm":204911,"minecraft:damage_taken":1706,"minecraft:walk_one_cm":105634,"minecraft:drop":15,"minecraft:damage_dealt":1036,"minecraft:swim_one_cm":35723,"minecraft:fly_one_cm":269608,"minecraft:open_chest":5,"minecraft:crouch_one_cm":3765,"minecraft:play_time":79524,"tombstone:undead_killed":1,"minecraft:deaths":3,"minecraft:sneak_time":1772,"minecraft:walk_under_water_one_cm":5351,"minecraft:boat_one_cm":213892,"minecraft:jump":1394,"minecraft:walk_on_water_one_cm":13934,"minecraft:total_world_time":79524,"minecraft:fall_one_cm":48986},"minecraft:mined":{"jeg:scrap_ore":1,"minecraft:grass_block":3,"regions_unexplored:baobab_shrub":1,"minecraft:chest":1,"duneons:flowerscactuspink":2,"minecraft:tall_grass":1,"regions_unexplored:baobab_log":10,"duneons:monstera":2,"minecraft:grass":9,"chococraft:gysahl_green":15,"minecraft:oak_stairs":2,"duneons:mossendirt":3,"minecraft:sand":2,"minecraft:dirt":5,"regions_unexplored:medium_grass":3,"minecraft:stone":28,"regions_unexplored:windswept_grass":1,"regions_unexplored:flowering_shrub":1,"minecraft:oak_leaves":3,"duneons:andesitebreked":2,"regions_unexplored:felicia_daisy":1},"minecraft:crafted":{"regions_unexplored:baobab_planks":28,"minecraft:baked_potato":30,"minecraft:campfire":1,"minecraft:stone_axe":1,"minecraft:air":0,"farmersdelight:safety_net":1,"regions_unexplored:baobab_boat":1,"minecraft:stick":16,"minecraft:stone_pickaxe":1,"minecraft:chest":1,"mores:emerald_chestplate":1},"minecraft:dropped":{"minecraft:wheat_seeds":2,"alexsmobs:gazelle_horn":1,"duneons:greenswoed":1,"born_in_chaos_v1:fire_dust":2,"minecraft:feather":2,"duneons:mossendirt":3,"chococraft:gysahl_green_seeds":7,"minecraft:dirt":1,"mowziesmobs:umvuthana_mask_bliss":1,"minecraft:oak_stairs":2,"minecraft:stone_pickaxe":1,"duneons:flowerscactuspink":2,"chococraft:gysahl_green":16},"minecraft:picked_up":{"chococraft:loverly_gysahl_green":2,"minecraft:feather":2,"minecraft:cooked_beef":3,"minecraft:oak_stairs":2,"farmersdelight:cooked_bacon":2,"jeg:scrap":2,"alexsmobs:gazelle_horn":1,"minecraft:dirt":8,"minecraft:cooked_mutton":3,"chococraft:gysahl_green":35,"duneons:mossendirt":3,"chococraft:gold_gysahl":2,"minecraft:wheat_seeds":2,"minecraft:chest":1,"minecraft:stick":2,"minecraft:cooked_porkchop":8,"duneons:flowerscactuspink":2,"regions_unexplored:baobab_boat":2,"minecraft:sand":3,"duneons:greenswoed":1,"chococraft:gysahl_green_seeds":13,"regions_unexplored:baobab_shrub":1,"farmersdelight:cooked_mutton_chops":5,"born_in_chaos_v1:fire_dust":2,"duneons:monstera":2,"mowziesmobs:umvuthana_mask_bliss":1,"minecraft:mutton":1,"born_in_chaos_v1:fused_bone":1,"regions_unexplored:baobab_log":10,"minecraft:cobblestone":28},"minecraft:used":{"duneons:monstera":2,"duneons:greenswoed":23,"minecraft:chest":2,"minecraft:sand":3,"minecraft:dirt":7,"farmersdelight:onion":11,"mowziesmobs:umvuthana_mask_bliss":2,"farmersdelight:flint_knife":4,"duneons:strengthenironpickaxe":29,"regions_unexplored:baobab_boat":2,"minecraft:campfire":1,"mores:steel_helmet":2,"regions_unexplored:baobab_shrub":1,"minecraft:bread":19,"tombstone:grave_key":2,"minecraft:stone_axe":3,"minecraft:cobblestone":14,"tombstone:gift":1,"chococraft:gysahl_green":8}},"DataVersion":3465}