{"stats":{"minecraft:killed":{"alexsmobs:gazelle":1,"born_in_chaos_v1:spirit_guide_assistant":1,"mowziesmobs:umvuthana_follower_raptor":4,"mowziesmobs:umvuthana_raptor":1},"minecraft:custom":{"minecraft:time_since_rest":4805,"lootr:looted_stat":11,"minecraft:sprint_one_cm":121849,"minecraft:damage_taken":809,"minecraft:walk_one_cm":57125,"minecraft:mob_kills":7,"minecraft:drop":9,"minecraft:damage_dealt":641,"minecraft:swim_one_cm":25044,"minecraft:interact_with_crafting_table":6,"minecraft:fly_one_cm":174094,"minecraft:deaths":1,"minecraft:open_chest":2,"minecraft:crouch_one_cm":1385,"minecraft:play_time":43524,"tombstone:undead_killed":1,"minecraft:sneak_time":898,"minecraft:walk_under_water_one_cm":4314,"minecraft:damage_dealt_resisted":40,"minecraft:jump":807,"minecraft:walk_on_water_one_cm":9453,"minecraft:time_since_death":5041,"minecraft:sleep_in_bed":3,"minecraft:climb_one_cm":1889,"minecraft:total_world_time":43524,"minecraft:fall_one_cm":31063},"minecraft:crafted":{"farmersdelight:safety_net":1,"regions_unexplored:baobab_boat":1,"regions_unexplored:baobab_planks":28,"minecraft:stick":8,"minecraft:stone_pickaxe":1,"minecraft:chest":1,"mores:emerald_chestplate":1,"minecraft:stone_axe":1},"minecraft:mined":{"regions_unexplored:baobab_log":7,"duneons:monstera":2,"minecraft:grass":7,"chococraft:gysahl_green":7,"minecraft:grass_block":2,"minecraft:chest":1,"minecraft:oak_stairs":2,"duneons:mossendirt":3,"minecraft:dirt":3,"duneons:flowerscactuspink":2,"minecraft:tall_grass":1,"minecraft:stone":28,"duneons:andesitebreked":2},"minecraft:dropped":{"minecraft:dirt":1,"minecraft:wheat_seeds":2,"alexsmobs:gazelle_horn":1,"mowziesmobs:umvuthana_mask_bliss":1,"minecraft:feather":2,"duneons:mossendirt":3,"minecraft:oak_stairs":2,"duneons:flowerscactuspink":2},"minecraft:picked_up":{"chococraft:loverly_gysahl_green":1,"minecraft:feather":2,"duneons:flowerscactuspink":2,"minecraft:oak_stairs":2,"chococraft:gysahl_green_seeds":7,"alexsmobs:gazelle_horn":1,"minecraft:dirt":5,"chococraft:gysahl_green":16,"duneons:mossendirt":3,"minecraft:wheat_seeds":2,"duneons:monstera":2,"mowziesmobs:umvuthana_mask_bliss":1,"minecraft:chest":1,"minecraft:mutton":1,"regions_unexplored:baobab_log":7,"minecraft:cobblestone":28,"born_in_chaos_v1:fused_bone":1},"minecraft:used":{"duneons:monstera":2,"minecraft:bread":16,"duneons:greenswoed":9,"minecraft:chest":2,"mowziesmobs:umvuthana_mask_bliss":2,"minecraft:cobblestone":14,"farmersdelight:onion":1,"farmersdelight:flint_knife":4,"minecraft:dirt":4,"duneons:strengthenironpickaxe":28,"regions_unexplored:baobab_boat":1,"tombstone:gift":1,"mores:steel_helmet":2}},"DataVersion":3465}