{"stats":{"minecraft:custom":{"lootr:looted_stat":14,"minecraft:mob_kills":11,"minecraft:interact_with_crafting_table":1,"minecraft:leave_game":6,"minecraft:time_since_death":5470,"minecraft:sleep_in_bed":1,"minecraft:climb_one_cm":141,"minecraft:time_since_rest":5273,"minecraft:sprint_one_cm":99225,"minecraft:damage_taken":2041,"minecraft:walk_one_cm":95862,"minecraft:drop":21,"minecraft:damage_dealt":3163,"minecraft:swim_one_cm":7067,"minecraft:fly_one_cm":210587,"minecraft:crouch_one_cm":2159,"minecraft:play_time":52262,"tombstone:undead_killed":2,"minecraft:deaths":5,"minecraft:sneak_time":757,"minecraft:walk_under_water_one_cm":6866,"minecraft:interact_with_brewingstand":1,"minecraft:jump":660,"minecraft:walk_on_water_one_cm":7062,"minecraft:total_world_time":52262,"minecraft:fall_one_cm":12150},"minecraft:killed":{"born_in_chaos_v1:fallen_chaos_knight":1,"born_in_chaos_v1:pumpkin_spirit":1,"irons_spellbooks:necromancer":1,"born_in_chaos_v1:maggot":1,"iceandfire:cockatrice":1,"born_in_chaos_v1:scarlet_persecutor":1,"alexsmobs:emu":3,"duneons:pigchest":2},"minecraft:used":{"alexsmobs:emu_egg":2,"cooking_with_mindthemoods:corn":2,"minecraft:dirt":8,"spartanweaponry:iron_battleaxe":79,"born_in_chaos_v1:corpse_maggot":1,"minecraft:apple":4,"minecraft:bread":11,"tombstone:grave_key":4,"endofherobrine:netherrack_totem":13,"spartanweaponry:iron_glaive":48,"alexsmobs:animal_dictionary":4,"minecraft:egg":1,"duneons:featherblue":1},"minecraft:mined":{"minecraft:grass_block":5,"minecraft:tall_grass":2,"farmersdelight:wild_tomatoes":1,"minecraft:coarse_dirt":2,"minecraft:fire":1,"regions_unexplored:pine_leaves":1,"minecraft:grass":66,"chococraft:gysahl_green":2,"cooking_with_mindthemoods:corn_stage_7_lower":1,"minecraft:dirt":4,"regions_unexplored:medium_grass":2},"minecraft:picked_up":{"born_in_chaos_v1:corpse_maggot":1,"minecraft:coarse_dirt":1,"minecraft:feather":1,"iceandfire:witherbone":1,"minecraft:acacia_leaves":1,"minecraft:potato":4,"minecraft:dirt":8,"duneons:coin":4,"minecraft:bone":1,"chococraft:gysahl_green":6,"minecraft:wheat_seeds":12,"alexsmobs:emu_feather":4,"minecraft:bucket":2,"minecraft:cooked_chicken":1,"duneons:smallbow":2,"minecraft:egg":1,"rustic_engineer:dragonfly_item":1,"cooking_with_mindthemoods:corn":4,"born_in_chaos_v1:ethereal_spirit":2,"minecraft:porkchop":3,"farmersdelight:tomato_seeds":1,"iceandfire:rotten_egg":1,"chococraft:gysahl_green_seeds":2,"born_in_chaos_v1:pieceofdarkmetal":7,"minecraft:rotten_flesh":4,"duneons:featherblue":2,"minecraft:hay_block":1,"minecraft:carved_pumpkin":1,"alexsmobs:emu_egg":2,"endofherobrine:netherrack_totem":1,"minecraft:coal":124},"minecraft:dropped":{"minecraft:porkchop":3,"minecraft:wheat_seeds":5,"minecraft:cooked_chicken":1,"minecraft:rotten_flesh":4,"minecraft:saddle":1,"minecraft:acacia_leaves":1,"minecraft:lava_bucket":2,"minecraft:hay_block":1,"duneons:smallbow":1,"endofherobrine:netherrack_totem":1,"minecraft:carved_pumpkin":1,"minecraft:bucket":2,"duneons:featherblue":2}},"DataVersion":3465}