{"stats":{"minecraft:killed":{"alexsmobs:gazelle":1,"born_in_chaos_v1:spirit_guide_assistant":1,"mowziesmobs:umvuthana_follower_raptor":4,"mowziesmobs:umvuthana_raptor":1},"minecraft:custom":{"minecraft:time_since_rest":5966,"lootr:looted_stat":11,"minecraft:sprint_one_cm":134159,"minecraft:damage_taken":1171,"minecraft:walk_one_cm":61625,"minecraft:mob_kills":7,"minecraft:drop":9,"minecraft:damage_dealt":641,"minecraft:swim_one_cm":25635,"minecraft:interact_with_crafting_table":6,"minecraft:fly_one_cm":203058,"minecraft:deaths":2,"minecraft:open_chest":2,"minecraft:crouch_one_cm":2287,"minecraft:play_time":55524,"tombstone:undead_killed":1,"minecraft:sneak_time":1186,"minecraft:walk_under_water_one_cm":4469,"minecraft:boat_one_cm":213892,"minecraft:damage_dealt_resisted":40,"minecraft:jump":907,"minecraft:walk_on_water_one_cm":9986,"minecraft:time_since_death":6258,"minecraft:sleep_in_bed":3,"minecraft:climb_one_cm":1889,"minecraft:total_world_time":55524,"minecraft:fall_one_cm":33842},"minecraft:crafted":{"farmersdelight:safety_net":1,"regions_unexplored:baobab_boat":1,"regions_unexplored:baobab_planks":28,"minecraft:stick":8,"minecraft:stone_pickaxe":1,"minecraft:chest":1,"mores:emerald_chestplate":1,"minecraft:stone_axe":1},"minecraft:mined":{"regions_unexplored:baobab_log":7,"duneons:monstera":2,"minecraft:grass":7,"chococraft:gysahl_green":7,"minecraft:grass_block":2,"minecraft:chest":1,"minecraft:oak_stairs":2,"duneons:mossendirt":3,"minecraft:dirt":3,"duneons:flowerscactuspink":2,"minecraft:tall_grass":1,"minecraft:stone":28,"regions_unexplored:windswept_grass":1,"duneons:andesitebreked":2},"minecraft:dropped":{"minecraft:dirt":1,"minecraft:wheat_seeds":2,"alexsmobs:gazelle_horn":1,"mowziesmobs:umvuthana_mask_bliss":1,"minecraft:feather":2,"duneons:mossendirt":3,"minecraft:oak_stairs":2,"duneons:flowerscactuspink":2},"minecraft:picked_up":{"chococraft:loverly_gysahl_green":1,"minecraft:feather":2,"duneons:flowerscactuspink":2,"regions_unexplored:baobab_boat":2,"minecraft:oak_stairs":2,"chococraft:gysahl_green_seeds":7,"alexsmobs:gazelle_horn":1,"minecraft:dirt":5,"chococraft:gysahl_green":16,"duneons:mossendirt":3,"minecraft:wheat_seeds":2,"duneons:monstera":2,"mowziesmobs:umvuthana_mask_bliss":1,"minecraft:chest":1,"minecraft:mutton":1,"regions_unexplored:baobab_log":7,"minecraft:cobblestone":28,"born_in_chaos_v1:fused_bone":1},"minecraft:used":{"duneons:monstera":2,"minecraft:bread":18,"duneons:greenswoed":10,"minecraft:chest":2,"tombstone:grave_key":1,"mowziesmobs:umvuthana_mask_bliss":2,"minecraft:cobblestone":14,"farmersdelight:onion":1,"farmersdelight:flint_knife":4,"minecraft:dirt":4,"duneons:strengthenironpickaxe":28,"regions_unexplored:baobab_boat":2,"tombstone:gift":1,"mores:steel_helmet":2}},"DataVersion":3465}