{"stats":{"minecraft:custom":{"minecraft:time_since_rest":20008,"minecraft:crouch_one_cm":2159,"minecraft:play_time":20008,"minecraft:sprint_one_cm":7805,"minecraft:damage_taken":60,"minecraft:walk_one_cm":35989,"minecraft:sneak_time":704,"minecraft:walk_under_water_one_cm":3788,"minecraft:drop":3,"minecraft:jump":157,"minecraft:interact_with_brewingstand":1,"minecraft:damage_dealt":30,"minecraft:leave_game":4,"minecraft:walk_on_water_one_cm":2755,"minecraft:time_since_death":20008,"minecraft:total_world_time":20008,"minecraft:fall_one_cm":1982,"minecraft:fly_one_cm":100063},"minecraft:used":{"minecraft:dirt":8,"endofherobrine:netherrack_totem":13},"minecraft:mined":{"regions_unexplored:pine_leaves":1,"minecraft:grass_block":5,"minecraft:dirt":4,"minecraft:fire":1,"regions_unexplored:medium_grass":2},"minecraft:picked_up":{"rustic_engineer:dragonfly_item":1,"minecraft:wheat_seeds":2,"minecraft:bucket":2,"endofherobrine:netherrack_totem":1,"minecraft:coal":124,"minecraft:dirt":8},"minecraft:dropped":{"minecraft:bucket":2,"endofherobrine:netherrack_totem":1}},"DataVersion":3465}