{"stats":{"minecraft:killed":{"born_in_chaos_v1:restless_spirit":1,"born_in_chaos_v1:spirit_guide_assistant":1,"enemyexpansion:vampbiter":1,"minecraft:spider":1,"enemyexpansion:sprinter":1,"mowziesmobs:umvuthana_follower_raptor":4,"born_in_chaos_v1:mother_spider":1,"minecraft:creeper":1,"born_in_chaos_v1:decrepit_skeleton":1,"born_in_chaos_v1:baby_spider":11,"minecraft:skeleton":2,"minecraft:zombie":2,"born_in_chaos_v1:corpse_fly":1,"alexsmobs:gazelle":1,"enemyexpansion:botfly":2,"minecraft:player":1,"mowziesmobs:umvuthana_raptor":1,"born_in_chaos_v1:firelight_not_despawn":2},"minecraft:custom":{"minecraft:interact_with_furnace":14,"lootr:looted_stat":32,"minecraft:mob_kills":34,"minecraft:interact_with_crafting_table":12,"minecraft:interact_with_campfire":21,"minecraft:damage_dealt_resisted":409,"minecraft:leave_game":1,"minecraft:time_since_death":3104,"minecraft:sleep_in_bed":4,"minecraft:climb_one_cm":12664,"minecraft:time_since_rest":2905,"minecraft:sprint_one_cm":232563,"minecraft:damage_taken":2165,"minecraft:walk_one_cm":134873,"minecraft:drop":29,"minecraft:damage_dealt":4495,"minecraft:swim_one_cm":35723,"minecraft:fly_one_cm":292605,"minecraft:open_chest":5,"minecraft:crouch_one_cm":4433,"tombstone:undead_killed":8,"minecraft:play_time":91270,"minecraft:deaths":4,"minecraft:sneak_time":1989,"minecraft:walk_under_water_one_cm":5351,"minecraft:boat_one_cm":213892,"minecraft:aviate_one_cm":334,"minecraft:jump":1539,"minecraft:walk_on_water_one_cm":25659,"minecraft:total_world_time":91270,"minecraft:fall_one_cm":51970},"minecraft:mined":{"jeg:scrap_ore":1,"minecraft:torch":1,"minecraft:grass_block":3,"regions_unexplored:baobab_shrub":1,"minecraft:chest":1,"duneons:flowerscactuspink":2,"minecraft:tall_grass":1,"regions_unexplored:baobab_log":10,"duneons:monstera":2,"minecraft:iron_ore":20,"minecraft:grass":9,"chococraft:gysahl_green":15,"minecraft:coal_ore":1,"minecraft:deepslate_iron_ore":5,"minecraft:oak_stairs":2,"duneons:mossendirt":3,"minecraft:sand":2,"minecraft:dirt":5,"regions_unexplored:medium_grass":3,"minecraft:stone":28,"regions_unexplored:windswept_grass":1,"minecraft:oak_leaves":3,"regions_unexplored:flowering_shrub":1,"duneons:andesitebreked":2,"regions_unexplored:felicia_daisy":1},"minecraft:crafted":{"regions_unexplored:baobab_planks":28,"extraarmor:emerald_helmet":1,"extraarmor:emerald_leggings":1,"minecraft:baked_potato":30,"minecraft:furnace":1,"minecraft:campfire":1,"minecraft:stone_axe":1,"minecraft:air":0,"farmersdelight:safety_net":1,"regions_unexplored:baobab_boat":1,"minecraft:stick":16,"minecraft:stone_pickaxe":1,"minecraft:chest":1,"mores:emerald_chestplate":1,"mores:emerald_boots":1},"minecraft:used":{"duneons:greenswoed":73,"minecraft:chest":2,"farmersdelight:onion":11,"minecraft:torch":1,"minecraft:dirt":7,"mowziesmobs:umvuthana_mask_bliss":2,"minecraft:sand":3,"farmersdelight:flint_knife":4,"duneons:strengthenironpickaxe":56,"regions_unexplored:baobab_boat":2,"minecraft:campfire":1,"mores:steel_helmet":2,"regions_unexplored:baobab_shrub":1,"minecraft:bread":19,"tombstone:grave_key":3,"minecraft:stone_axe":3,"minecraft:cobblestone":14,"minecraft:furnace":1,"farmersdelight:cooked_mutton_chops":2,"tombstone:gift":1,"chococraft:gysahl_green":11,"duneons:monstera":2},"minecraft:dropped":{"minecraft:wheat_seeds":2,"alexsmobs:gazelle_horn":1,"duneons:greenswoed":1,"born_in_chaos_v1:fire_dust":2,"minecraft:baked_potato":30,"duneons:mossendirt":3,"minecraft:feather":2,"chococraft:gysahl_green_seeds":7,"mores:raw_cobalt":6,"regions_unexplored:baobab_planks":2,"irons_spellbooks:scroll":1,"minecraft:dirt":1,"mowziesmobs:umvuthana_mask_bliss":1,"farmersdelight:safety_net":2,"minecraft:oak_stairs":2,"minecraft:stone_pickaxe":1,"duneons:flowerscactuspink":2,"minecraft:bone":2,"minecraft:string":2,"chococraft:gysahl_green":24,"minecraft:white_wool":4,"rustic_engineer:book_airship":1},"minecraft:picked_up":{"born_in_chaos_v1:fused_bone":1,"chococraft:loverly_gysahl_green":2,"minecraft:feather":2,"minecraft:cooked_beef":3,"farmersdelight:safety_net":1,"minecraft:oak_stairs":2,"farmersdelight:cooked_bacon":2,"jeg:scrap":2,"minecraft:string":2,"alexsmobs:gazelle_horn":1,"minecraft:dirt":8,"minecraft:cooked_mutton":3,"minecraft:bone":3,"chococraft:gysahl_green":43,"duneons:mossendirt":3,"chococraft:gold_gysahl":2,"minecraft:wheat_seeds":2,"minecraft:stone_pickaxe":2,"minecraft:chest":1,"minecraft:stick":2,"minecraft:raw_iron":25,"minecraft:cooked_porkchop":8,"duneons:flowerscactuspink":2,"minecraft:torch":5,"born_in_chaos_v1:ethereal_spirit":1,"regions_unexplored:baobab_boat":2,"regions_unexplored:baobab_planks":2,"duneons:greenswoed":1,"minecraft:sand":3,"chococraft:gysahl_green_seeds":13,"regions_unexplored:baobab_shrub":1,"farmersdelight:cooked_mutton_chops":5,"minecraft:arrow":1,"minecraft:rotten_flesh":1,"born_in_chaos_v1:fire_dust":2,"duneons:monstera":2,"mowziesmobs:umvuthana_mask_bliss":1,"minecraft:mutton":1,"minecraft:coal":1,"regions_unexplored:baobab_log":10,"minecraft:white_wool":4,"minecraft:cobblestone":28}},"DataVersion":3465}