{"stats":{"minecraft:custom":{"minecraft:jump":51,"minecraft:time_since_rest":7524,"lootr:looted_stat":1,"minecraft:walk_on_water_one_cm":1098,"minecraft:sprint_one_cm":7797,"minecraft:play_time":7524,"minecraft:damage_taken":120,"minecraft:time_since_death":7524,"minecraft:walk_one_cm":2015,"minecraft:sneak_time":19,"minecraft:total_world_time":7524,"minecraft:walk_under_water_one_cm":870,"minecraft:swim_one_cm":2358,"minecraft:fall_one_cm":3261,"minecraft:fly_one_cm":12072},"minecraft:mined":{"minecraft:oak_stairs":1},"minecraft:picked_up":{"minecraft:oak_stairs":1}},"DataVersion":3465}