{"stats":{"minecraft:killed":{"alexsmobs:gazelle":1,"born_in_chaos_v1:spirit_guide_assistant":1},"minecraft:custom":{"minecraft:time_since_rest":8135,"lootr:looted_stat":11,"minecraft:sprint_one_cm":95115,"minecraft:damage_taken":329,"minecraft:walk_one_cm":40636,"minecraft:mob_kills":2,"minecraft:drop":7,"minecraft:damage_dealt":231,"minecraft:swim_one_cm":17835,"minecraft:interact_with_crafting_table":1,"minecraft:fly_one_cm":137554,"minecraft:crouch_one_cm":177,"minecraft:play_time":31524,"tombstone:undead_killed":1,"minecraft:sneak_time":93,"minecraft:walk_under_water_one_cm":3081,"minecraft:jump":640,"minecraft:walk_on_water_one_cm":7765,"minecraft:time_since_death":31524,"minecraft:sleep_in_bed":2,"minecraft:climb_one_cm":1889,"minecraft:total_world_time":31524,"minecraft:fall_one_cm":24599},"minecraft:crafted":{"mores:emerald_chestplate":1},"minecraft:mined":{"duneons:monstera":2,"minecraft:grass":7,"chococraft:gysahl_green":7,"minecraft:grass_block":1,"minecraft:oak_stairs":2,"duneons:mossendirt":3,"minecraft:dirt":2,"duneons:flowerscactuspink":2,"minecraft:tall_grass":1,"duneons:andesitebreked":2},"minecraft:dropped":{"minecraft:dirt":1,"minecraft:wheat_seeds":2,"alexsmobs:gazelle_horn":1,"duneons:mossendirt":3,"minecraft:oak_stairs":2,"duneons:flowerscactuspink":2},"minecraft:picked_up":{"chococraft:loverly_gysahl_green":1,"duneons:flowerscactuspink":2,"minecraft:oak_stairs":2,"chococraft:gysahl_green_seeds":7,"alexsmobs:gazelle_horn":1,"minecraft:dirt":3,"chococraft:gysahl_green":16,"duneons:mossendirt":3,"minecraft:wheat_seeds":2,"duneons:monstera":2,"minecraft:mutton":1,"born_in_chaos_v1:fused_bone":1},"minecraft:used":{"duneons:monstera":2,"minecraft:bread":11,"duneons:greenswoed":2,"farmersdelight:flint_knife":4,"minecraft:dirt":2}},"DataVersion":3465}