{"stats":{"minecraft:custom":{"lootr:looted_stat":7,"minecraft:mob_kills":8,"minecraft:interact_with_crafting_table":1,"minecraft:leave_game":6,"minecraft:time_since_death":300,"minecraft:sleep_in_bed":3,"minecraft:time_since_rest":1,"minecraft:sprint_one_cm":135385,"minecraft:damage_taken":4512,"minecraft:walk_one_cm":95736,"minecraft:drop":34,"minecraft:damage_dealt":1079,"minecraft:swim_one_cm":10117,"minecraft:fly_one_cm":346161,"minecraft:crouch_one_cm":7149,"minecraft:play_time":82046,"tombstone:undead_killed":1,"minecraft:deaths":8,"minecraft:sneak_time":2709,"minecraft:walk_under_water_one_cm":11838,"minecraft:jump":1459,"minecraft:walk_on_water_one_cm":12586,"minecraft:total_world_time":82046,"minecraft:fall_one_cm":63035},"minecraft:killed":{"enemyexpansion:direwolf":1,"minecraft:zombie":1,"duneons:pigchest":1,"endofherobrine:sheep":1,"minecraft:cow":1},"minecraft:broken":{"minecraft:wooden_shovel":1},"minecraft:used":{"regions_unexplored:pine_planks":8,"minecraft:water_bucket":1,"regions_unexplored:redwood_sapling":1,"minecraft:acacia_log":1,"regions_unexplored:peat_dirt":2,"minecraft:wooden_shovel":53,"minecraft:netherrack":5,"minecraft:orange_bed":1,"minecraft:dirt":11,"regions_unexplored:redwood_planks":5,"minecraft:crafting_table":1,"psychedelicraft:wine_grapes":7,"minecraft:carrot":3,"minecraft:lava_bucket":2,"chococraft:gysahl_green_seeds":1,"minecraft:bread":18,"duneons:crystalblue":1,"tombstone:grave_key":5,"endofherobrine:netherrack_totem":66,"minecraft:beef":1,"minecraft:hay_block":3,"duneons:golemruin":1,"minecraft:bucket":2,"minecraft:gold_block":7,"duneons:highlandfern":1,"tombstone:gift":2,"chococraft:gysahl_green":6,"minecraft:acacia_planks":23,"minecraft:bamboo_planks":4},"minecraft:mined":{"duneons:ruingolem_4":1,"duneons:driedhaybales":1,"minecraft:acacia_log":7,"regions_unexplored:peat_grass_block":2,"minecraft:grass_block":7,"duneons:highlandtallgrass":14,"farmersdelight:wild_tomatoes":2,"regions_unexplored:bamboo_log":4,"regions_unexplored:pine_log":2,"minecraft:large_fern":1,"minecraft:hay_block":3,"regions_unexplored:sandy_tall_grass":1,"minecraft:wheat":1,"regions_unexplored:redwood_leaves":7,"regions_unexplored:redwood_planks":1,"duneons:highlandfern":3,"regions_unexplored:sandy_grass":1,"regions_unexplored:pine_leaves":2,"minecraft:grass":39,"chococraft:gysahl_green":2,"minecraft:dirt":5,"regions_unexplored:medium_grass":15,"regions_unexplored:redwood_log":1,"regions_unexplored:windswept_grass":15,"minecraft:oak_leaves":1,"minecraft:fern":6,"minecraft:orange_bed":1},"minecraft:picked_up":{"regions_unexplored:peat_dirt":2,"duneons:crystalblue":2,"duneons:snow_armor_helmet":2,"minecraft:water_bucket":1,"duneons:bluekinghat_leggings":1,"minecraft:oak_log":1,"duneons:frostarmortwo_helmet":1,"duneons:golemruin":1,"minecraft:dirt":14,"duneons:coin":2,"chococraft:gysahl_green":6,"minecraft:wheat_seeds":9,"regions_unexplored:pine_log":2,"minecraft:bucket":1,"regions_unexplored:redwood_sapling":1,"minecraft:beef":1,"duneons:frostarmortwo_chestplate":1,"regions_unexplored:redwood_planks":1,"duneons:smallbow":1,"regions_unexplored:bamboo_log":4,"regions_unexplored:redwood_log":1,"minecraft:stick":2,"rustic_engineer:dragonfly_item":3,"minecraft:acacia_log":7,"duneons:highlandfern":1,"minecraft:lava_bucket":1,"minecraft:porkchop":1,"farmersdelight:tomato_seeds":2,"chococraft:gysahl_green_seeds":2,"minecraft:carrot":3,"minecraft:orange_bed":1,"duneons:driedhaybales":1,"minecraft:rotten_flesh":2,"duneons:featherblue":1,"minecraft:hay_block":3,"sophisticatedbackpacks:copper_backpack":1,"endofherobrine:netherrack_totem":1,"minecraft:emerald":1,"duneons:snow_armor_chestplate":2,"minecraft:netherrack":1},"minecraft:dropped":{"farmersdelight:tomato_seeds":2,"minecraft:water_bucket":1,"minecraft:porkchop":1,"rustic_engineer:dragonfly_item":1,"minecraft:wheat_seeds":7,"duneons:frostarmortwo_chestplate":1,"alexsmobs:animal_dictionary":1,"minecraft:rotten_flesh":2,"chococraft:gysahl_green_seeds":1,"minecraft:coal":192,"duneons:frostarmortwo_helmet":1,"minecraft:gold_block":1,"minecraft:lava_bucket":1,"minecraft:potato":4,"duneons:bluekinghat_leggings":1,"duneons:snow_armor_chestplate":3,"tombstone:grave_key":1,"duneons:snow_armor_helmet":2,"endofherobrine:netherrack_totem":2,"rustic_engineer:engine":3,"tombstone:grave_dust":1,"duneons:crystalblue":1,"minecraft:bucket":2,"minecraft:netherrack":1},"minecraft:crafted":{"minecraft:wooden_shovel":1,"minecraft:coal":576,"minecraft:crafting_table":1,"regions_unexplored:redwood_planks":4,"minecraft:bamboo_planks":8,"regions_unexplored:pine_planks":8,"minecraft:acacia_planks":24}},"DataVersion":3465}