{"stats":{"minecraft:mined":{"minecraft:grass":1,"regions_unexplored:small_oak_leaves":1,"regions_unexplored:medium_grass":1,"minecraft:oak_leaves":8,"minecraft:fern":2},"minecraft:custom":{"minecraft:jump":57,"minecraft:time_since_rest":150,"minecraft:leave_game":1,"minecraft:deaths":1,"minecraft:sprint_one_cm":4335,"minecraft:play_time":1704,"minecraft:damage_taken":210,"minecraft:time_since_death":523,"minecraft:walk_one_cm":1468,"minecraft:total_world_time":1704,"minecraft:fall_one_cm":4718,"minecraft:fly_one_cm":13253},"minecraft:used":{"tombstone:gift":2}},"DataVersion":3465}