{"stats":{"minecraft:custom":{"minecraft:time_since_rest":6283,"minecraft:sprint_one_cm":24811,"minecraft:damage_taken":520,"minecraft:walk_one_cm":29928,"minecraft:mob_kills":2,"minecraft:drop":8,"minecraft:damage_dealt":182,"minecraft:swim_one_cm":2547,"minecraft:fly_one_cm":61345,"minecraft:crouch_one_cm":2002,"minecraft:play_time":33248,"minecraft:deaths":1,"minecraft:sneak_time":555,"minecraft:walk_under_water_one_cm":7209,"minecraft:jump":261,"minecraft:time_since_death":7813,"minecraft:walk_on_water_one_cm":3492,"minecraft:total_world_time":33248,"minecraft:fall_one_cm":8725},"minecraft:killed":{"minecraft:cow":1},"minecraft:used":{"minecraft:water_bucket":1,"minecraft:lava_bucket":2,"regions_unexplored:peat_dirt":2,"endofherobrine:netherrack_totem":60,"minecraft:netherrack":5,"minecraft:dirt":1,"minecraft:beef":1,"minecraft:carrot":3,"minecraft:bucket":2,"minecraft:gold_block":7},"minecraft:mined":{"regions_unexplored:sandy_tall_grass":1,"regions_unexplored:sandy_grass":1,"regions_unexplored:pine_leaves":2,"minecraft:grass":2,"regions_unexplored:peat_grass_block":2,"minecraft:grass_block":2,"minecraft:dirt":1,"regions_unexplored:medium_grass":3,"minecraft:fern":4},"minecraft:picked_up":{"regions_unexplored:peat_dirt":2,"rustic_engineer:dragonfly_item":3,"minecraft:water_bucket":1,"minecraft:carrot":3,"minecraft:dirt":4,"minecraft:wheat_seeds":4,"minecraft:beef":1},"minecraft:dropped":{"minecraft:water_bucket":1,"rustic_engineer:dragonfly_item":1,"minecraft:wheat_seeds":3,"endofherobrine:netherrack_totem":1,"minecraft:bucket":1,"minecraft:coal":128},"minecraft:crafted":{"minecraft:coal":576}},"DataVersion":3465}