{"stats":{"minecraft:killed":{"minecraft:spider":2,"born_in_chaos_v1:maggot":1,"born_in_chaos_v1:baby_spider":1,"born_in_chaos_v1:baby_skeleton":1,"minecraft:pillager":1,"minecraft:zombie":4,"enemyexpansion:vampire":1,"alexsmobs:gazelle":3,"enemyexpansion:botfly":2,"alexsmobs:fly":1},"minecraft:custom":{"lootr:looted_stat":13,"minecraft:mob_kills":18,"minecraft:interact_with_crafting_table":17,"minecraft:damage_dealt_resisted":103,"minecraft:leave_game":4,"minecraft:time_since_death":2416,"minecraft:climb_one_cm":36,"minecraft:sprint_one_cm":191926,"minecraft:walk_one_cm":136972,"minecraft:drop":46,"minecraft:play_time":169470,"minecraft:deaths":10,"minecraft:sneak_time":1760,"minecraft:walk_under_water_one_cm":22579,"minecraft:boat_one_cm":54002,"minecraft:jump":2013,"minecraft:walk_on_water_one_cm":37662,"minecraft:total_world_time":169470,"minecraft:interact_with_furnace":26,"tombstone:raider_killed":1,"minecraft:sleep_in_bed":3,"minecraft:time_since_rest":2213,"minecraft:damage_taken":4189,"minecraft:damage_absorbed":40,"minecraft:damage_dealt":2385,"minecraft:fly_one_cm":416779,"minecraft:swim_one_cm":34434,"minecraft:open_chest":4,"minecraft:crouch_one_cm":4123,"tombstone:undead_killed":6,"minecraft:interact_with_smoker":2,"minecraft:fall_one_cm":79192},"minecraft:broken":{"minecraft:wooden_axe":1},"minecraft:mined":{"minecraft:allium":1,"minecraft:grass_block":4,"born_in_chaos_v1:black_argillite":3,"minecraft:spruce_leaves":3,"minecraft:hay_block":2,"regions_unexplored:baobab_log":110,"regions_unexplored:stone_bud":2,"mores:deepslate_tourmaline_ore":6,"minecraft:furnace":2,"duneons:monstera":1,"minecraft:iron_ore":8,"mores:deepslate_cobalt_ore":2,"duneons:mossendirt":1,"regions_unexplored:ash_vent":1,"regions_unexplored:medium_grass":3,"regions_unexplored:chalk":13,"minecraft:stone":31,"regions_unexplored:chalk_grass_block":3,"minecraft:acacia_leaves":1,"jeg:scrap_ore":1,"mores:cobalt_ore":5,"minecraft:dandelion":1,"duneons:coarsedirt_2":3,"minecraft:tall_grass":46,"minecraft:copper_ore":1,"minecraft:cobblestone":9,"minecraft:birch_log":48,"minecraft:spruce_log":13,"regions_unexplored:sandy_grass":11,"minecraft:grass":111,"minecraft:coal_ore":23,"minecraft:oak_log":2,"regions_unexplored:palm_log":2,"minecraft:sand":2,"minecraft:dirt":6,"minecraft:terracotta":9,"mores:deepslate_topaz_ore":10,"minecraft:oak_leaves":1,"minecraft:deepslate":2},"minecraft:crafted":{"regions_unexplored:baobab_planks":212,"minecraft:birch_boat":1,"minecraft:furnace":4,"mores:topaz_chestplate":1,"minecraft:cooked_mutton":2,"regions_unexplored:palm_planks":8,"mores:topaz_sword":1,"farmersdelight:cooked_mutton_chops":4,"minecraft:cooked_porkchop":6,"minecraft:crafting_table":13,"mores:cobalt_ingot":3,"minecraft:iron_helmet":1,"minecraft:birch_planks":152,"minecraft:air":0,"regions_unexplored:baobab_boat":1,"minecraft:stick":8,"minecraft:iron_pickaxe":1,"minecraft:iron_ingot":7,"minecraft:wooden_axe":6,"minecraft:torch":24},"minecraft:used":{"chisel:noborder/glass":48,"regions_unexplored:baobab_sapling":7,"minecraft:torch":16,"minecraft:dirt":8,"regions_unexplored:baobab_boat":1,"mores:silver_apple":1,"minecraft:glass":22,"minecraft:wooden_axe":177,"minecraft:furnace":6,"minecraft:oak_sapling":1,"mores:bronze_apple":1,"tombstone:gift":2,"farmersdelight:cooked_mutton_chops":6,"duneons:monstera":1,"duneons:mossendirt":1,"minecraft:cooked_mutton":2,"farmersdelight:iron_knife":4,"mores:topaz_sword":6,"minecraft:stone_pickaxe":101,"minecraft:baked_potato":1,"duneons:coarsedirt_2":2,"minecraft:birch_boat":1,"regions_unexplored:chalk":16,"minecraft:golden_apple":1,"minecraft:terracotta":9,"minecraft:crafting_table":9,"minecraft:apple":6,"minecraft:bread":2,"minecraft:iron_pickaxe":84,"regions_unexplored:baobab_planks":65,"tombstone:grave_key":5,"simpleplanes:large_plane":3,"minecraft:cobblestone":8,"minecraft:cooked_porkchop":3},"minecraft:dropped":{"minecraft:wheat_seeds":18,"psychedelicraft:dried_tobacco":11,"minecraft:crafting_table":4,"minecraft:cobblestone":2,"psychedelicraft:glass_chalice":1,"simpleplanes:plane":1,"irons_spellbooks:scroll":1,"simpleplanes:large_plane":2,"minecraft:torch":12,"tombstone:grave_key":2,"minecraft:wooden_axe":5,"minecraft:string":23,"minecraft:music_disc_cat":2,"minecraft:dandelion":1,"alexsmobs:maggot":1,"irons_spellbooks:blank_rune":1,"duneons:greenswoed":1,"chisel:noborder/glass":2,"minecraft:bowl":1,"minecraft:birch_sapling":3,"minecraft:rotten_flesh":20,"regions_unexplored:baobab_planks":14,"simpleplanes:cargo_plane":1,"simpleplanes:furnace_engine":3,"minecraft:stone_pickaxe":1},"minecraft:picked_up":{"minecraft:wooden_axe":1,"irons_spellbooks:scroll":1,"born_in_chaos_v1:black_argillite":1,"minecraft:music_disc_cat":2,"minecraft:string":40,"mores:tourmaline_gem":6,"minecraft:cobbled_deepslate":1,"minecraft:birch_sapling":3,"minecraft:furnace":2,"minecraft:stick":30,"mores:tin_pickaxe":1,"minecraft:raw_iron":11,"regions_unexplored:ash_vent":1,"minecraft:torch":4,"minecraft:bowl":1,"duneons:greenswoed":1,"mores:topaz_gem":10,"tombstone:grave_dust":2,"minecraft:rotten_flesh":3,"duneons:monstera":1,"minecraft:hay_block":1,"minecraft:mutton":3,"minecraft:cobblestone":41,"minecraft:birch_log":38,"cooking_with_mindthemoods:ancient_stew":1,"minecraft:oak_log":2,"jeg:scrap":2,"minecraft:gunpowder":1,"minecraft:dirt":9,"minecraft:bone":3,"duneons:mossendirt":1,"minecraft:wheat_seeds":36,"minecraft:iron_ingot":1,"regions_unexplored:baobab_sapling":7,"minecraft:stone_pickaxe":2,"duneons:coarsedirt_2":2,"minecraft:dandelion":1,"regions_unexplored:baobab_planks":3,"minecraft:sand":3,"minecraft:spruce_sapling":3,"mores:raw_cobalt":13,"regions_unexplored:chalk":16,"minecraft:spruce_log":1,"regions_unexplored:palm_log":2,"minecraft:spider_eye":1,"farmersdelight:cooked_mutton_chops":2,"born_in_chaos_v1:fire_dust":2,"psychedelicraft:glass_chalice":1,"simpleplanes:large_plane":2,"minecraft:terracotta":9,"alexsmobs:maggot":1,"minecraft:baked_potato":30,"minecraft:oak_sapling":1,"minecraft:coal":22,"regions_unexplored:baobab_log":106}},"DataVersion":3465}