{"stats":{"minecraft:dropped":{"minecraft:iron_ingot":3,"minecraft:bread":26,"farmersdelight:iron_knife":1,"minecraft:birch_planks":49,"minecraft:wheat_seeds":36,"mores:cobalt_ingot":8,"minecraft:oak_log":2,"psychedelicraft:dried_tobacco":11,"minecraft:crafting_table":4,"minecraft:iron_helmet":1,"minecraft:cobblestone":2,"psychedelicraft:glass_chalice":2,"simpleplanes:plane":1,"minecraft:coal":18,"minecraft:dirt":1,"minecraft:emerald":9,"irons_spellbooks:scroll":1,"simpleplanes:large_plane":3,"mores:topaz_chestplate":1,"born_in_chaos_v1:black_argillite":6,"minecraft:torch":12,"tombstone:grave_key":2,"minecraft:wooden_axe":6,"minecraft:iron_leggings":1,"farmersdelight:bacon":4,"farmersdelight:onion":8,"minecraft:string":23,"minecraft:acacia_planks":17,"minecraft:music_disc_cat":2,"minecraft:spruce_sapling":6,"minecraft:dandelion":1,"farmersdelight:mutton_chops":3,"alexsmobs:maggot":1,"alexsmobs:animal_dictionary":1,"irons_spellbooks:blank_rune":1,"duneons:greenswoed":1,"chisel:noborder/glass":2,"minecraft:bowl":1,"regions_unexplored:baobab_log":53,"minecraft:birch_sapling":3,"minecraft:rotten_flesh":24,"minecraft:oak_planks":2,"unusualprehistory:paleo_fossil":2,"regions_unexplored:baobab_planks":28,"mores:tin_pickaxe":1,"regions_unexplored:ash_vent":1,"minecraft:potato":34,"minecraft:hay_block":1,"farmersdelight:flint_knife":1,"minecraft:oak_sapling":1,"psychedelicraft:juniper_berries":4,"simpleplanes:cargo_plane":1,"born_in_chaos_v1:diamond_termite_shard":1,"farmersdelight:minced_beef":2,"simpleplanes:furnace_engine":4,"minecraft:spruce_log":1,"minecraft:beef":1,"minecraft:stone_pickaxe":1,"mores:steel_horse_armor":1,"minecraft:terracotta":1},"minecraft:used":{"mores:cobalt_shield":4,"chisel:noborder/glass":48,"minecraft:chest":1,"mores:tourmaline_leggings":1,"regions_unexplored:baobab_sapling":7,"minecraft:torch":42,"minecraft:dirt":8,"mores:tourmaline_axe":28,"psychedelicraft:juniper_berries":4,"regions_unexplored:baobab_stairs":9,"regions_unexplored:baobab_boat":2,"mores:silver_apple":1,"minecraft:glass":22,"minecraft:wooden_axe":177,"regions_unexplored:baobab_button":1,"mores:topaz_helmet":1,"minecraft:oak_sapling":1,"minecraft:furnace":6,"mores:bronze_apple":1,"tombstone:gift":4,"farmersdelight:cooked_mutton_chops":6,"minecraft:acacia_planks":2,"minecraft:cobbled_deepslate":14,"duneons:monstera":1,"duneons:mossendirt":1,"minecraft:cooked_mutton":2,"farmersdelight:iron_knife":4,"mores:topaz_sword":73,"minecraft:stone_pickaxe":101,"minecraft:baked_potato":29,"duneons:coarsedirt_2":2,"minecraft:birch_boat":1,"regions_unexplored:chalk":16,"minecraft:golden_apple":3,"minecraft:terracotta":11,"minecraft:crafting_table":12,"minecraft:apple":6,"minecraft:bread":2,"regions_unexplored:baobab_planks":90,"minecraft:iron_pickaxe":182,"tombstone:grave_key":5,"simpleplanes:large_plane":3,"minecraft:cobblestone":9,"minecraft:cooked_porkchop":3},"minecraft:killed":{"minecraft:spider":3,"duneons:wraith":1,"enemyexpansion:direwolf":1,"minecraft:skeleton":1,"born_in_chaos_v1:maggot":7,"born_in_chaos_v1:baby_spider":1,"born_in_chaos_v1:diamond_termite":1,"born_in_chaos_v1:baby_skeleton":1,"born_in_chaos_v1:swarmer":1,"enemyexpansion:sprinter":1,"unusualprehistory:kentrosaurus":1,"minecraft:pillager":1,"minecraft:zombie":7,"enemyexpansion:vampire":1,"born_in_chaos_v1:corpse_fly":9,"alexsmobs:gazelle":3,"enemyexpansion:botfly":5,"enemyexpansion:huntsman":1,"alexsmobs:fly":1},"minecraft:mined":{"minecraft:deepslate_diamond_ore":3,"regions_unexplored:baobab_planks":5,"minecraft:allium":1,"minecraft:grass_block":4,"unusualprehistory:deepslate_fossil":2,"born_in_chaos_v1:black_argillite":3,"minecraft:spruce_leaves":3,"minecraft:hay_block":2,"regions_unexplored:baobab_log":110,"regions_unexplored:stone_bud":2,"mores:deepslate_tourmaline_ore":18,"minecraft:furnace":2,"duneons:monstera":1,"minecraft:iron_ore":10,"minecraft:cobbled_deepslate":3,"minecraft:deepslate_lapis_ore":3,"mores:deepslate_cobalt_ore":3,"regions_unexplored:baobab_stairs":1,"minecraft:deepslate_iron_ore":3,"duneons:mossendirt":1,"regions_unexplored:ash_vent":1,"regions_unexplored:medium_grass":3,"regions_unexplored:chalk":13,"minecraft:stone":37,"regions_unexplored:chalk_grass_block":3,"minecraft:acacia_leaves":1,"jeg:scrap_ore":9,"minecraft:blackstone":1,"mores:cobalt_ore":5,"minecraft:dandelion":1,"born_in_chaos_v1:infected_deepslate_diamond_ore":1,"minecraft:torch":5,"duneons:coarsedirt_2":3,"minecraft:cobblestone":11,"minecraft:copper_ore":1,"minecraft:tall_grass":46,"minecraft:oak_planks":4,"minecraft:wall_torch":1,"mores:deepslate_ruby_ore":1,"minecraft:birch_log":54,"minecraft:birch_leaves":2,"minecraft:spruce_log":13,"regions_unexplored:sandy_grass":11,"minecraft:grass":111,"minecraft:coal_ore":46,"minecraft:oak_log":2,"regions_unexplored:palm_log":2,"minecraft:sand":2,"minecraft:dirt":6,"minecraft:terracotta":12,"minecraft:acacia_planks":10,"mores:deepslate_topaz_ore":17,"minecraft:oak_leaves":1,"minecraft:deepslate":14},"minecraft:custom":{"lootr:looted_stat":13,"minecraft:mob_kills":49,"minecraft:interact_with_crafting_table":34,"minecraft:damage_dealt_resisted":143,"minecraft:leave_game":5,"minecraft:time_since_death":53428,"minecraft:climb_one_cm":36,"minecraft:sprint_one_cm":252206,"minecraft:walk_one_cm":186917,"minecraft:damage_blocked_by_shield":130,"minecraft:drop":95,"minecraft:play_time":220482,"minecraft:deaths":10,"minecraft:sneak_time":2555,"minecraft:walk_under_water_one_cm":24428,"minecraft:boat_one_cm":56617,"minecraft:jump":2638,"minecraft:walk_on_water_one_cm":42069,"minecraft:total_world_time":220482,"minecraft:interact_with_furnace":47,"tombstone:raider_killed":1,"minecraft:sleep_in_bed":5,"minecraft:time_since_rest":3891,"minecraft:damage_taken":5174,"minecraft:damage_absorbed":88,"minecraft:damage_dealt":5839,"minecraft:fly_one_cm":503300,"minecraft:swim_one_cm":41179,"minecraft:open_chest":9,"minecraft:crouch_one_cm":5583,"tombstone:undead_killed":13,"minecraft:interact_with_smoker":2,"minecraft:fall_one_cm":106031},"minecraft:broken":{"minecraft:wooden_axe":1},"minecraft:crafted":{"regions_unexplored:baobab_planks":220,"minecraft:birch_boat":1,"minecraft:furnace":4,"mores:cobalt_shield":1,"mores:topaz_chestplate":1,"minecraft:cooked_mutton":2,"minecraft:iron_boots":1,"mores:tourmaline_axe":1,"minecraft:chest":1,"mores:tourmaline_leggings":1,"mores:topaz_helmet":1,"regions_unexplored:baobab_stairs":8,"regions_unexplored:palm_planks":8,"mores:topaz_sword":1,"farmersdelight:cooked_mutton_chops":4,"mores:tourmaline_chestplate":1,"minecraft:cooked_porkchop":6,"minecraft:crafting_table":16,"mores:cobalt_ingot":5,"minecraft:iron_helmet":1,"minecraft:birch_planks":152,"minecraft:air":0,"regions_unexplored:baobab_boat":2,"minecraft:iron_pickaxe":1,"minecraft:stick":8,"minecraft:iron_ingot":18,"minecraft:wooden_axe":6,"minecraft:iron_leggings":1,"regions_unexplored:baobab_button":1,"minecraft:torch":88},"minecraft:picked_up":{"minecraft:wooden_axe":2,"irons_spellbooks:scroll":1,"born_in_chaos_v1:diamond_termite_shard":1,"born_in_chaos_v1:black_argillite":4,"minecraft:music_disc_cat":2,"minecraft:string":42,"mores:tourmaline_gem":18,"minecraft:blackstone":1,"unusualprehistory:paleo_fossil":2,"minecraft:cobbled_deepslate":15,"minecraft:beef":1,"minecraft:birch_sapling":3,"minecraft:furnace":2,"mores:tin_pickaxe":1,"minecraft:stick":30,"minecraft:raw_iron":16,"regions_unexplored:ash_vent":1,"farmersdelight:minced_beef":2,"minecraft:torch":11,"minecraft:bowl":1,"duneons:greenswoed":1,"mores:topaz_gem":17,"tombstone:grave_dust":2,"minecraft:rotten_flesh":8,"regions_unexplored:baobab_stairs":1,"farmersdelight:onion":8,"duneons:monstera":1,"minecraft:hay_block":2,"minecraft:mutton":3,"minecraft:cobblestone":44,"minecraft:birch_log":38,"born_in_chaos_v1:corpse_maggot":2,"cooking_with_mindthemoods:ancient_stew":1,"farmersdelight:bacon":4,"minecraft:birch_planks":49,"minecraft:potato":34,"simpleplanes:furnace_engine":1,"minecraft:oak_log":4,"jeg:scrap":23,"minecraft:gunpowder":9,"minecraft:lapis_lazuli":9,"farmersdelight:flint_knife":1,"minecraft:dirt":9,"farmersdelight:mutton_chops":3,"minecraft:bone":6,"minecraft:acacia_planks":19,"farmersdelight:iron_knife":1,"duneons:mossendirt":1,"minecraft:wheat_seeds":54,"regions_unexplored:baobab_sapling":7,"minecraft:iron_ingot":1,"minecraft:stone_pickaxe":2,"minecraft:oak_planks":2,"minecraft:cooked_porkchop":3,"duneons:coarsedirt_2":2,"alexsmobs:animal_dictionary":1,"minecraft:dandelion":1,"psychedelicraft:juniper_berries":4,"mores:cobalt_ingot":4,"mores:ruby_gem":1,"regions_unexplored:baobab_planks":14,"minecraft:sand":3,"minecraft:spruce_sapling":9,"mores:raw_cobalt":13,"regions_unexplored:chalk":16,"minecraft:spruce_log":2,"regions_unexplored:palm_log":2,"minecraft:spider_eye":1,"farmersdelight:cooked_mutton_chops":2,"psychedelicraft:glass_chalice":1,"born_in_chaos_v1:fire_dust":2,"minecraft:diamond":3,"simpleplanes:large_plane":2,"minecraft:emerald":18,"minecraft:bread":26,"minecraft:terracotta":12,"alexsmobs:maggot":1,"minecraft:baked_potato":30,"minecraft:oak_sapling":2,"minecraft:coal":62,"regions_unexplored:baobab_log":159}},"DataVersion":3465}