{"stats":{"minecraft:custom":{"lootr:looted_stat":5,"minecraft:mob_kills":6,"minecraft:interact_with_crafting_table":1,"minecraft:leave_game":5,"minecraft:time_since_death":14019,"minecraft:time_since_rest":13808,"minecraft:sprint_one_cm":98812,"minecraft:damage_taken":3212,"minecraft:walk_one_cm":74455,"minecraft:drop":31,"minecraft:damage_dealt":554,"minecraft:swim_one_cm":7897,"minecraft:fly_one_cm":247956,"minecraft:crouch_one_cm":4499,"minecraft:play_time":61732,"minecraft:deaths":4,"minecraft:sneak_time":1811,"minecraft:walk_under_water_one_cm":10704,"minecraft:jump":1045,"minecraft:walk_on_water_one_cm":5927,"minecraft:total_world_time":61732,"minecraft:fall_one_cm":45432},"minecraft:killed":{"duneons:pigchest":1,"endofherobrine:sheep":1,"minecraft:cow":1},"minecraft:used":{"regions_unexplored:pine_planks":8,"minecraft:water_bucket":1,"regions_unexplored:redwood_sapling":1,"minecraft:acacia_log":1,"regions_unexplored:peat_dirt":2,"minecraft:wooden_shovel":36,"minecraft:netherrack":5,"minecraft:dirt":10,"regions_unexplored:redwood_planks":5,"minecraft:crafting_table":1,"minecraft:carrot":3,"minecraft:lava_bucket":2,"chococraft:gysahl_green_seeds":1,"minecraft:bread":12,"endofherobrine:netherrack_totem":66,"minecraft:beef":1,"minecraft:bucket":2,"minecraft:gold_block":7,"duneons:highlandfern":1,"tombstone:gift":2,"chococraft:gysahl_green":6,"minecraft:acacia_planks":19,"minecraft:bamboo_planks":4},"minecraft:mined":{"duneons:driedhaybales":1,"minecraft:acacia_log":6,"regions_unexplored:peat_grass_block":2,"minecraft:grass_block":7,"duneons:highlandtallgrass":14,"farmersdelight:wild_tomatoes":2,"regions_unexplored:bamboo_log":4,"regions_unexplored:pine_log":2,"minecraft:large_fern":1,"minecraft:hay_block":3,"regions_unexplored:sandy_tall_grass":1,"regions_unexplored:redwood_leaves":7,"regions_unexplored:redwood_planks":1,"duneons:highlandfern":3,"regions_unexplored:sandy_grass":1,"regions_unexplored:pine_leaves":2,"minecraft:grass":35,"chococraft:gysahl_green":2,"minecraft:dirt":5,"regions_unexplored:medium_grass":15,"regions_unexplored:redwood_log":1,"regions_unexplored:windswept_grass":15,"minecraft:oak_leaves":1,"minecraft:fern":6},"minecraft:picked_up":{"regions_unexplored:peat_dirt":2,"duneons:snow_armor_helmet":2,"minecraft:water_bucket":1,"duneons:bluekinghat_leggings":1,"minecraft:oak_log":1,"duneons:frostarmortwo_helmet":1,"minecraft:dirt":14,"duneons:coin":2,"chococraft:gysahl_green":6,"minecraft:wheat_seeds":8,"regions_unexplored:pine_log":2,"minecraft:bucket":1,"regions_unexplored:redwood_sapling":1,"minecraft:beef":1,"duneons:frostarmortwo_chestplate":1,"regions_unexplored:redwood_planks":1,"duneons:smallbow":1,"regions_unexplored:bamboo_log":4,"regions_unexplored:redwood_log":1,"minecraft:stick":2,"rustic_engineer:dragonfly_item":3,"minecraft:acacia_log":6,"duneons:highlandfern":1,"minecraft:lava_bucket":1,"minecraft:porkchop":1,"farmersdelight:tomato_seeds":2,"chococraft:gysahl_green_seeds":2,"minecraft:carrot":3,"duneons:driedhaybales":1,"minecraft:rotten_flesh":2,"duneons:featherblue":1,"minecraft:hay_block":3,"endofherobrine:netherrack_totem":1,"minecraft:emerald":1,"duneons:snow_armor_chestplate":2,"minecraft:netherrack":1},"minecraft:dropped":{"farmersdelight:tomato_seeds":2,"minecraft:water_bucket":1,"rustic_engineer:dragonfly_item":1,"minecraft:wheat_seeds":7,"duneons:frostarmortwo_chestplate":1,"alexsmobs:animal_dictionary":1,"chococraft:gysahl_green_seeds":1,"minecraft:coal":192,"duneons:frostarmortwo_helmet":1,"minecraft:gold_block":1,"minecraft:lava_bucket":1,"minecraft:potato":4,"duneons:bluekinghat_leggings":1,"duneons:snow_armor_chestplate":3,"tombstone:grave_key":1,"duneons:snow_armor_helmet":2,"endofherobrine:netherrack_totem":2,"rustic_engineer:engine":3,"tombstone:grave_dust":1,"minecraft:bucket":2,"minecraft:netherrack":1},"minecraft:crafted":{"minecraft:wooden_shovel":1,"minecraft:coal":576,"minecraft:crafting_table":1,"regions_unexplored:redwood_planks":4,"minecraft:bamboo_planks":8,"regions_unexplored:pine_planks":8,"minecraft:acacia_planks":20}},"DataVersion":3465}