{"stats":{"minecraft:custom":{"minecraft:time_since_rest":17794,"minecraft:crouch_one_cm":1199,"minecraft:play_time":17794,"minecraft:sprint_one_cm":18321,"minecraft:damage_taken":110,"minecraft:walk_one_cm":17940,"minecraft:sneak_time":200,"minecraft:walk_under_water_one_cm":565,"minecraft:mob_kills":1,"minecraft:drop":5,"minecraft:jump":159,"minecraft:damage_dealt":110,"minecraft:walk_on_water_one_cm":798,"minecraft:time_since_death":17794,"minecraft:total_world_time":17794,"minecraft:swim_one_cm":1133,"minecraft:fly_one_cm":34340,"minecraft:fall_one_cm":5841},"minecraft:killed":{"minecraft:cow":1},"minecraft:used":{"minecraft:beef":1,"minecraft:carrot":3,"regions_unexplored:peat_dirt":2},"minecraft:mined":{"regions_unexplored:pine_leaves":2,"minecraft:grass":1,"regions_unexplored:peat_grass_block":2,"regions_unexplored:sandy_tall_grass":1,"regions_unexplored:medium_grass":3,"minecraft:fern":4,"regions_unexplored:sandy_grass":1},"minecraft:picked_up":{"regions_unexplored:peat_dirt":2,"minecraft:wheat_seeds":3,"minecraft:beef":1,"minecraft:carrot":3},"minecraft:dropped":{"minecraft:water_bucket":1,"minecraft:wheat_seeds":3,"minecraft:bucket":1,"minecraft:coal":64},"minecraft:crafted":{"minecraft:coal":576}},"DataVersion":3465}