{"stats":{"minecraft:custom":{"minecraft:mob_kills":2,"minecraft:leave_game":4,"minecraft:time_since_death":2951,"minecraft:time_since_rest":2740,"minecraft:sprint_one_cm":71275,"minecraft:damage_taken":2462,"minecraft:walk_one_cm":45077,"minecraft:drop":30,"minecraft:damage_dealt":248,"minecraft:swim_one_cm":7897,"minecraft:fly_one_cm":218912,"minecraft:crouch_one_cm":2212,"minecraft:play_time":50664,"minecraft:deaths":4,"minecraft:sneak_time":655,"minecraft:walk_under_water_one_cm":10704,"minecraft:jump":850,"minecraft:walk_on_water_one_cm":5927,"minecraft:total_world_time":50664,"minecraft:fall_one_cm":36849},"minecraft:killed":{"minecraft:cow":1},"minecraft:used":{"regions_unexplored:pine_planks":8,"minecraft:water_bucket":1,"regions_unexplored:peat_dirt":2,"minecraft:netherrack":5,"minecraft:dirt":2,"minecraft:carrot":3,"minecraft:lava_bucket":2,"chococraft:gysahl_green_seeds":1,"endofherobrine:netherrack_totem":66,"minecraft:beef":1,"minecraft:bucket":2,"chococraft:gysahl_green":6,"tombstone:gift":2,"minecraft:gold_block":7,"duneons:highlandfern":1,"minecraft:bamboo_planks":4},"minecraft:mined":{"regions_unexplored:peat_grass_block":2,"minecraft:grass_block":2,"duneons:highlandtallgrass":14,"farmersdelight:wild_tomatoes":2,"regions_unexplored:bamboo_log":4,"regions_unexplored:pine_log":2,"regions_unexplored:sandy_tall_grass":1,"duneons:highlandfern":3,"regions_unexplored:sandy_grass":1,"regions_unexplored:pine_leaves":2,"minecraft:grass":16,"chococraft:gysahl_green":2,"minecraft:dirt":1,"regions_unexplored:medium_grass":14,"regions_unexplored:windswept_grass":15,"minecraft:oak_leaves":1,"minecraft:fern":6},"minecraft:picked_up":{"regions_unexplored:peat_dirt":2,"duneons:snow_armor_helmet":2,"minecraft:water_bucket":1,"duneons:bluekinghat_leggings":1,"minecraft:oak_log":1,"duneons:frostarmortwo_helmet":1,"minecraft:dirt":5,"chococraft:gysahl_green":6,"minecraft:wheat_seeds":8,"regions_unexplored:pine_log":2,"minecraft:bucket":1,"minecraft:beef":1,"duneons:frostarmortwo_chestplate":1,"regions_unexplored:bamboo_log":4,"rustic_engineer:dragonfly_item":3,"duneons:highlandfern":1,"minecraft:lava_bucket":1,"farmersdelight:tomato_seeds":2,"chococraft:gysahl_green_seeds":2,"minecraft:carrot":3,"endofherobrine:netherrack_totem":1,"duneons:snow_armor_chestplate":2,"minecraft:netherrack":1},"minecraft:dropped":{"farmersdelight:tomato_seeds":2,"minecraft:water_bucket":1,"rustic_engineer:dragonfly_item":1,"minecraft:wheat_seeds":7,"duneons:frostarmortwo_chestplate":1,"alexsmobs:animal_dictionary":1,"chococraft:gysahl_green_seeds":1,"minecraft:coal":192,"duneons:frostarmortwo_helmet":1,"minecraft:gold_block":1,"minecraft:lava_bucket":1,"duneons:bluekinghat_leggings":1,"duneons:snow_armor_chestplate":3,"tombstone:grave_key":1,"duneons:snow_armor_helmet":2,"endofherobrine:netherrack_totem":2,"rustic_engineer:engine":3,"tombstone:grave_dust":1,"minecraft:bucket":2,"minecraft:netherrack":1},"minecraft:crafted":{"minecraft:coal":576,"minecraft:crafting_table":1,"minecraft:bamboo_planks":8,"regions_unexplored:pine_planks":8}},"DataVersion":3465}