{"stats":{"minecraft:dropped":{"minecraft:iron_ingot":3,"minecraft:bread":26,"farmersdelight:iron_knife":1,"minecraft:birch_planks":49,"minecraft:wheat_seeds":36,"mores:cobalt_ingot":8,"minecraft:oak_log":2,"psychedelicraft:dried_tobacco":11,"minecraft:crafting_table":4,"minecraft:iron_helmet":1,"minecraft:cobblestone":2,"psychedelicraft:glass_chalice":2,"simpleplanes:plane":1,"minecraft:acacia_log":4,"minecraft:coal":18,"minecraft:dirt":1,"minecraft:emerald":9,"irons_spellbooks:scroll":1,"simpleplanes:large_plane":3,"mores:topaz_chestplate":1,"born_in_chaos_v1:black_argillite":6,"minecraft:torch":12,"tombstone:grave_key":2,"minecraft:wooden_axe":6,"tombstone:grave_dust":1,"minecraft:iron_leggings":1,"farmersdelight:bacon":4,"farmersdelight:onion":8,"minecraft:string":23,"minecraft:acacia_planks":17,"minecraft:music_disc_cat":2,"minecraft:spruce_sapling":6,"minecraft:dandelion":1,"farmersdelight:mutton_chops":3,"alexsmobs:maggot":1,"alexsmobs:animal_dictionary":1,"irons_spellbooks:blank_rune":1,"duneons:greenswoed":1,"chisel:noborder/glass":2,"minecraft:bowl":1,"regions_unexplored:baobab_log":53,"minecraft:birch_sapling":3,"minecraft:rotten_flesh":34,"minecraft:oak_planks":2,"unusualprehistory:paleo_fossil":2,"regions_unexplored:baobab_planks":28,"mores:tin_pickaxe":1,"regions_unexplored:ash_vent":1,"born_in_chaos_v1:corpse_maggot":3,"minecraft:oak_fence_gate":1,"minecraft:potato":34,"minecraft:hay_block":1,"farmersdelight:flint_knife":1,"minecraft:oak_sapling":1,"psychedelicraft:juniper_berries":4,"simpleplanes:cargo_plane":1,"born_in_chaos_v1:diamond_termite_shard":1,"farmersdelight:minced_beef":2,"minecraft:spruce_slab":1,"minecraft:spider_eye":1,"simpleplanes:furnace_engine":4,"minecraft:arrow":2,"minecraft:spruce_log":1,"minecraft:beef":1,"minecraft:stone_pickaxe":1,"mores:steel_horse_armor":1,"minecraft:terracotta":1},"minecraft:used":{"minecraft:moss_carpet":1,"mores:cobalt_shield":5,"minecraft:acacia_log":2,"chisel:noborder/glass":48,"minecraft:chest":1,"mores:tourmaline_leggings":1,"regions_unexplored:baobab_sapling":7,"minecraft:torch":70,"minecraft:dirt":8,"mores:tourmaline_axe":31,"psychedelicraft:juniper_berries":4,"regions_unexplored:baobab_stairs":9,"regions_unexplored:baobab_boat":2,"mores:silver_apple":1,"minecraft:axolotl_bucket":2,"born_in_chaos_v1:corpse_maggot":3,"minecraft:glass":22,"minecraft:wooden_axe":177,"regions_unexplored:baobab_button":1,"nethersdelight:blackstone_furnace":1,"mores:topaz_helmet":1,"minecraft:oak_sapling":1,"minecraft:furnace":7,"mores:bronze_apple":1,"tombstone:gift":4,"farmersdelight:cooked_mutton_chops":6,"minecraft:acacia_planks":2,"minecraft:cobbled_deepslate":30,"duneons:monstera":1,"duneons:mossendirt":1,"minecraft:cooked_mutton":2,"farmersdelight:iron_knife":4,"minecraft:water_bucket":3,"minecraft:oak_planks":4,"mores:topaz_sword":165,"minecraft:stone_pickaxe":101,"minecraft:baked_potato":30,"minecraft:blackstone":11,"duneons:coarsedirt_2":2,"minecraft:birch_boat":1,"regions_unexplored:chalk":16,"minecraft:golden_apple":3,"minecraft:glow_berries":12,"minecraft:terracotta":11,"minecraft:crafting_table":14,"minecraft:oak_log":2,"minecraft:diamond_pickaxe":130,"minecraft:dark_oak_log":2,"minecraft:apple":6,"minecraft:bread":2,"regions_unexplored:baobab_planks":98,"minecraft:iron_pickaxe":214,"tombstone:grave_key":8,"simpleplanes:large_plane":3,"regions_unexplored:baobab_log":4,"minecraft:cobblestone":11,"minecraft:cooked_porkchop":6,"minecraft:bucket":6},"minecraft:killed":{"born_in_chaos_v1:restless_spirit":1,"born_in_chaos_v1:zombie_lumberjack":3,"enemyexpansion:vampbiter":1,"minecraft:spider":4,"duneons:wraith":1,"enemyexpansion:direwolf":3,"minecraft:skeleton":4,"born_in_chaos_v1:maggot":9,"born_in_chaos_v1:baby_spider":5,"enemyexpansion:vampflyer":1,"born_in_chaos_v1:diamond_termite":5,"born_in_chaos_v1:baby_skeleton":1,"born_in_chaos_v1:swarmer":1,"enemyexpansion:sprinter":1,"minecraft:creeper":3,"born_in_chaos_v1:decrepit_skeleton":1,"unusualprehistory:kentrosaurus":1,"minecraft:pillager":1,"minecraft:zombie":10,"enemyexpansion:vampire":1,"born_in_chaos_v1:corpse_fly":9,"alexsmobs:gazelle":3,"enemyexpansion:botfly":5,"enemyexpansion:huntsman":1,"alexsmobs:fly":1},"minecraft:mined":{"minecraft:deepslate_diamond_ore":25,"born_in_chaos_v1:infected_diamond_ore":2,"regions_unexplored:baobab_planks":5,"unusualprehistory:deepslate_opal_ore":3,"minecraft:allium":1,"minecraft:grass_block":4,"unusualprehistory:deepslate_fossil":2,"born_in_chaos_v1:black_argillite":3,"iceandfire:deepslate_silver_ore":2,"minecraft:spruce_leaves":3,"minecraft:moss_block":4,"minecraft:hay_block":2,"regions_unexplored:baobab_log":110,"regions_unexplored:stone_bud":2,"mores:deepslate_tourmaline_ore":24,"minecraft:furnace":2,"duneons:monstera":1,"minecraft:iron_ore":13,"minecraft:cobbled_deepslate":4,"minecraft:moss_carpet":1,"minecraft:deepslate_lapis_ore":4,"mores:deepslate_cobalt_ore":9,"regions_unexplored:baobab_stairs":1,"mores:deepslate_sapphire_ore":2,"minecraft:deepslate_iron_ore":3,"duneons:mossendirt":1,"minecraft:stripped_oak_log":1,"regions_unexplored:ash_vent":1,"regions_unexplored:medium_grass":3,"regions_unexplored:chalk":13,"minecraft:stone":37,"minecraft:spruce_slab":1,"regions_unexplored:chalk_grass_block":3,"minecraft:deepslate_redstone_ore":4,"minecraft:acacia_leaves":1,"jeg:scrap_ore":9,"minecraft:blackstone":21,"mores:cobalt_ore":8,"minecraft:dandelion":1,"minecraft:clay":5,"born_in_chaos_v1:infected_deepslate_diamond_ore":1,"minecraft:torch":6,"duneons:coarsedirt_2":3,"minecraft:cobblestone":11,"minecraft:copper_ore":1,"minecraft:tall_grass":46,"minecraft:deepslate_gold_ore":2,"minecraft:lapis_ore":2,"minecraft:oak_planks":4,"minecraft:wall_torch":1,"jeg:deepslate_scrap_ore":15,"mores:deepslate_ruby_ore":12,"minecraft:birch_log":54,"minecraft:birch_leaves":2,"minecraft:spruce_log":13,"regions_unexplored:sandy_grass":11,"minecraft:grass":112,"minecraft:coal_ore":46,"minecraft:oak_log":2,"minecraft:oak_fence_gate":1,"regions_unexplored:palm_log":2,"minecraft:sand":2,"minecraft:dirt":6,"minecraft:terracotta":12,"minecraft:acacia_planks":10,"mores:deepslate_topaz_ore":29,"minecraft:oak_leaves":1,"minecraft:deepslate":56},"minecraft:custom":{"lootr:looted_stat":14,"minecraft:mob_kills":81,"minecraft:interact_with_crafting_table":36,"minecraft:damage_dealt_resisted":143,"minecraft:leave_game":5,"minecraft:time_since_death":7626,"minecraft:climb_one_cm":108,"minecraft:sprint_one_cm":380678,"minecraft:walk_one_cm":245950,"minecraft:damage_blocked_by_shield":170,"minecraft:drop":103,"minecraft:play_time":250482,"minecraft:deaths":13,"minecraft:sneak_time":4554,"minecraft:walk_under_water_one_cm":27902,"minecraft:boat_one_cm":56617,"minecraft:jump":3367,"minecraft:walk_on_water_one_cm":55112,"minecraft:total_world_time":250482,"minecraft:interact_with_furnace":49,"tombstone:raider_killed":1,"minecraft:sleep_in_bed":5,"minecraft:time_since_rest":7405,"minecraft:damage_taken":6455,"minecraft:damage_absorbed":88,"minecraft:damage_dealt":11404,"minecraft:fly_one_cm":734561,"minecraft:swim_one_cm":42848,"minecraft:open_chest":9,"minecraft:crouch_one_cm":8056,"tombstone:undead_killed":25,"minecraft:interact_with_smoker":2,"minecraft:fall_one_cm":131929},"minecraft:broken":{"minecraft:iron_pickaxe":1,"minecraft:wooden_axe":1},"minecraft:crafted":{"nethersdelight:blackstone_furnace":1,"regions_unexplored:baobab_planks":236,"minecraft:oak_planks":4,"minecraft:birch_boat":1,"minecraft:furnace":5,"mores:cobalt_shield":1,"mores:topaz_chestplate":1,"minecraft:cooked_mutton":2,"minecraft:iron_boots":1,"mores:tourmaline_axe":1,"minecraft:chest":1,"mores:tourmaline_leggings":1,"mores:topaz_helmet":1,"regions_unexplored:baobab_stairs":8,"regions_unexplored:palm_planks":8,"mores:topaz_sword":1,"farmersdelight:cooked_mutton_chops":4,"mores:tourmaline_chestplate":1,"minecraft:cooked_porkchop":6,"minecraft:crafting_table":18,"mores:cobalt_ingot":5,"minecraft:iron_helmet":1,"minecraft:birch_planks":152,"minecraft:air":0,"minecraft:diamond_pickaxe":1,"regions_unexplored:baobab_boat":2,"minecraft:iron_pickaxe":1,"minecraft:stick":8,"minecraft:iron_ingot":18,"minecraft:wooden_axe":6,"minecraft:iron_leggings":1,"regions_unexplored:baobab_button":1,"minecraft:torch":88},"minecraft:picked_up":{"minecraft:wooden_axe":2,"irons_spellbooks:scroll":1,"born_in_chaos_v1:diamond_termite_shard":4,"born_in_chaos_v1:black_argillite":4,"unusualprehistory:opal_chunk":2,"minecraft:music_disc_cat":2,"minecraft:string":46,"minecraft:moss_carpet":1,"mores:tourmaline_gem":27,"minecraft:blackstone":27,"unusualprehistory:paleo_fossil":2,"minecraft:cobbled_deepslate":59,"minecraft:beef":1,"minecraft:spruce_slab":1,"minecraft:birch_sapling":3,"minecraft:furnace":2,"mores:tin_pickaxe":1,"minecraft:stick":30,"minecraft:raw_iron":19,"regions_unexplored:ash_vent":1,"minecraft:acacia_log":6,"farmersdelight:minced_beef":2,"minecraft:torch":15,"minecraft:bowl":1,"duneons:greenswoed":1,"mores:topaz_gem":29,"tombstone:grave_dust":3,"minecraft:redstone":15,"minecraft:arrow":4,"minecraft:rotten_flesh":16,"regions_unexplored:baobab_stairs":1,"farmersdelight:onion":8,"duneons:monstera":1,"minecraft:hay_block":2,"minecraft:mutton":3,"minecraft:cobblestone":44,"minecraft:stripped_oak_log":1,"minecraft:birch_log":38,"born_in_chaos_v1:corpse_maggot":6,"cooking_with_mindthemoods:ancient_stew":1,"farmersdelight:bacon":4,"minecraft:birch_planks":49,"minecraft:potato":34,"simpleplanes:furnace_engine":1,"minecraft:oak_log":6,"jeg:scrap":50,"minecraft:gunpowder":14,"minecraft:lapis_lazuli":31,"farmersdelight:flint_knife":1,"minecraft:dirt":9,"farmersdelight:mutton_chops":3,"minecraft:bone":11,"minecraft:acacia_planks":19,"farmersdelight:iron_knife":1,"duneons:mossendirt":1,"minecraft:wheat_seeds":54,"minecraft:raw_gold":2,"minecraft:oak_fence_gate":1,"regions_unexplored:baobab_sapling":7,"minecraft:iron_ingot":3,"minecraft:stone_pickaxe":2,"minecraft:moss_block":3,"jeg:tech_trash":2,"minecraft:oak_planks":2,"minecraft:cooked_porkchop":3,"duneons:coarsedirt_2":2,"minecraft:dark_oak_log":2,"alexsmobs:animal_dictionary":1,"minecraft:dandelion":1,"psychedelicraft:juniper_berries":4,"mores:cobalt_ingot":4,"mores:ruby_gem":12,"regions_unexplored:baobab_planks":14,"minecraft:sand":3,"minecraft:spruce_sapling":9,"mores:raw_cobalt":22,"regions_unexplored:chalk":16,"minecraft:spruce_log":2,"regions_unexplored:palm_log":2,"minecraft:spider_eye":2,"farmersdelight:cooked_mutton_chops":2,"mores:sapphire_gem":2,"psychedelicraft:glass_chalice":1,"born_in_chaos_v1:fire_dust":2,"minecraft:diamond":25,"simpleplanes:large_plane":2,"minecraft:emerald":18,"minecraft:bread":26,"minecraft:terracotta":12,"alexsmobs:maggot":1,"minecraft:baked_potato":30,"minecraft:oak_sapling":2,"minecraft:coal":62,"iceandfire:raw_silver":2,"regions_unexplored:baobab_log":159}},"DataVersion":3465}