{"stats":{"minecraft:dropped":{"farmersdelight:iron_knife":1,"iceandfire:raw_silver":2,"minecraft:birch_planks":49,"mores:cobalt_ingot":8,"minecraft:lapis_lazuli":31,"minecraft:oak_log":2,"minecraft:crafting_table":4,"psychedelicraft:glass_chalice":2,"jeg:scrap":1,"simpleplanes:plane":1,"minecraft:cod":3,"minecraft:emerald":9,"minecraft:dirt":1,"mores:topaz_chestplate":1,"farmersdelight:onion":8,"alexsmobs:emu_feather":3,"farmersdelight:mutton_chops":3,"minecraft:bone":7,"irons_spellbooks:blank_rune":1,"alexsmobs:gazelle_horn":2,"alexsmobs:animal_dictionary":1,"minecraft:birch_sapling":3,"minecraft:rotten_flesh":34,"minecraft:oak_planks":3,"mores:tin_pickaxe":1,"minecraft:oak_fence_gate":1,"born_in_chaos_v1:corpse_maggot":3,"simpleplanes:cargo_plane":1,"born_in_chaos_v1:diamond_termite_shard":4,"minecraft:spruce_slab":1,"minecraft:arrow":4,"minecraft:beef":1,"mores:steel_horse_armor":1,"minecraft:iron_ingot":3,"minecraft:bread":26,"minecraft:wheat_seeds":36,"psychedelicraft:dried_tobacco":11,"spartanweaponry:iron_throwing_knife":1,"minecraft:cobblestone":2,"minecraft:iron_helmet":1,"minecraft:acacia_log":4,"minecraft:coal":18,"minecraft:stick":2,"simpleplanes:large_plane":3,"irons_spellbooks:scroll":1,"born_in_chaos_v1:black_argillite":6,"minecraft:torch":12,"tombstone:grave_key":2,"minecraft:wooden_axe":6,"tombstone:grave_dust":1,"minecraft:iron_leggings":1,"farmersdelight:bacon":4,"minecraft:string":23,"minecraft:music_disc_cat":3,"minecraft:acacia_planks":25,"minecraft:spruce_sapling":6,"minecraft:dandelion":1,"alexsmobs:maggot":1,"duneons:greenswoed":1,"minecraft:raw_copper":2,"chisel:noborder/glass":2,"minecraft:bowl":1,"regions_unexplored:baobab_log":53,"minecraft:iron_boots":1,"unusualprehistory:paleo_fossil":2,"regions_unexplored:hyssop":1,"mores:topaz_helmet":1,"regions_unexplored:baobab_planks":38,"minecraft:shears":1,"regions_unexplored:ash_vent":1,"minecraft:potato":34,"minecraft:hay_block":1,"farmersdelight:flint_knife":1,"psychedelicraft:juniper_berries":4,"minecraft:oak_sapling":1,"farmersdelight:minced_beef":2,"simpleplanes:furnace_engine":4,"minecraft:spider_eye":1,"minecraft:spruce_log":1,"minecraft:stone_pickaxe":1,"minecraft:terracotta":1},"minecraft:used":{"minecraft:moss_carpet":1,"chisel:noborder/glass":48,"minecraft:chest":1,"minecraft:mutton":3,"mores:tourmaline_axe":44,"regions_unexplored:baobab_stairs":9,"minecraft:axolotl_bucket":3,"minecraft:glass":22,"born_in_chaos_v1:corpse_maggot":3,"regions_unexplored:baobab_button":1,"mores:topaz_helmet":1,"spartanweaponry:iron_throwing_knife":50,"minecraft:furnace":7,"minecraft:oak_sapling":1,"jeg:revolver":10,"minecraft:gray_bed":1,"duneons:monstera":1,"duneons:mossendirt":1,"minecraft:stone_pickaxe":101,"minecraft:oak_planks":4,"minecraft:blackstone":11,"regions_unexplored:chalk":29,"psychedelicraft:hash_muffin":3,"minecraft:golden_apple":3,"minecraft:glow_berries":12,"minecraft:dark_oak_log":2,"minecraft:bread":15,"tombstone:grave_key":11,"simpleplanes:large_plane":3,"regions_unexplored:baobab_log":4,"mores:cobalt_shield":6,"minecraft:acacia_log":2,"mores:tourmaline_leggings":1,"regions_unexplored:baobab_sapling":7,"minecraft:torch":81,"minecraft:dirt":8,"psychedelicraft:juniper_berries":4,"regions_unexplored:baobab_boat":2,"mores:silver_apple":1,"minecraft:wooden_axe":177,"nethersdelight:blackstone_furnace":2,"mores:bronze_apple":1,"tombstone:gift":4,"farmersdelight:cooked_mutton_chops":6,"minecraft:cobbled_deepslate":46,"minecraft:acacia_planks":2,"minecraft:cooked_mutton":2,"farmersdelight:iron_knife":4,"minecraft:water_bucket":3,"mores:tourmaline_boots":1,"mores:topaz_sword":236,"minecraft:baked_potato":30,"duneons:coarsedirt_2":2,"minecraft:birch_boat":1,"minecraft:terracotta":13,"minecraft:crafting_table":15,"minecraft:oak_log":2,"minecraft:diamond_pickaxe":167,"minecraft:apple":9,"minecraft:iron_pickaxe":214,"regions_unexplored:baobab_planks":98,"jeg:scrap_workbench":1,"minecraft:cobblestone":13,"minecraft:cooked_porkchop":6,"minecraft:bucket":7,"alexsmobs:emu_egg":1},"minecraft:killed":{"born_in_chaos_v1:zombie_lumberjack":3,"born_in_chaos_v1:restless_spirit":1,"minecraft:spider":4,"duneons:wraith":1,"minecraft:skeleton":6,"minecraft:chicken":4,"enemyexpansion:vampflyer":1,"born_in_chaos_v1:diamond_termite":5,"minecraft:creeper":3,"minecraft:sheep":4,"minecraft:pillager":4,"minecraft:zombie":10,"enemyexpansion:vampire":1,"alexsmobs:maned_wolf":1,"born_in_chaos_v1:corpse_fly":9,"enemyexpansion:botfly":5,"alexsmobs:fly":1,"minecraft:cow":4,"enemyexpansion:wasp":1,"enemyexpansion:vampbiter":1,"enemyexpansion:direwolf":3,"born_in_chaos_v1:maggot":9,"born_in_chaos_v1:baby_spider":5,"born_in_chaos_v1:baby_skeleton":1,"born_in_chaos_v1:swarmer":1,"enemyexpansion:sprinter":1,"alexsmobs:rhinoceros":1,"unusualprehistory:kentrosaurus":2,"born_in_chaos_v1:decrepit_skeleton":1,"alexsmobs:emu":2,"alexsmobs:gazelle":7,"enemyexpansion:huntsman":1},"minecraft:mined":{"regions_unexplored:baobab_planks":5,"minecraft:grass_block":5,"unusualprehistory:deepslate_opal_ore":3,"unusualprehistory:deepslate_fossil":2,"regions_unexplored:stone_bud":3,"mores:deepslate_tourmaline_ore":27,"duneons:monstera":1,"minecraft:iron_ore":13,"minecraft:cobbled_deepslate":5,"minecraft:moss_carpet":1,"minecraft:deepslate_lapis_ore":4,"regions_unexplored:baobab_stairs":1,"mores:deepslate_sapphire_ore":2,"regions_unexplored:chalk":26,"minecraft:spruce_slab":1,"minecraft:deepslate_redstone_ore":4,"minecraft:blackstone":21,"minecraft:clay":5,"born_in_chaos_v1:infected_deepslate_diamond_ore":1,"minecraft:torch":6,"minecraft:cobblestone":13,"minecraft:oak_planks":4,"minecraft:wall_torch":3,"regions_unexplored:hyssop":1,"regions_unexplored:socotra_log":8,"minecraft:birch_log":54,"minecraft:grass":114,"minecraft:oak_log":2,"minecraft:oak_fence_gate":1,"minecraft:sand":2,"minecraft:dirt":6,"mores:deepslate_topaz_ore":29,"minecraft:oak_leaves":1,"minecraft:deepslate":57,"minecraft:deepslate_diamond_ore":28,"born_in_chaos_v1:infected_diamond_ore":2,"minecraft:allium":1,"born_in_chaos_v1:black_argillite":3,"iceandfire:deepslate_silver_ore":2,"minecraft:spruce_leaves":3,"minecraft:moss_block":4,"minecraft:hay_block":2,"regions_unexplored:socotra_leaves":3,"regions_unexplored:baobab_log":110,"minecraft:furnace":2,"mores:deepslate_cobalt_ore":9,"minecraft:deepslate_iron_ore":3,"duneons:mossendirt":1,"minecraft:stripped_oak_log":1,"regions_unexplored:ash_vent":1,"regions_unexplored:medium_grass":4,"minecraft:stone":37,"regions_unexplored:chalk_grass_block":3,"minecraft:acacia_leaves":1,"jeg:scrap_ore":9,"mores:cobalt_ore":8,"minecraft:dandelion":1,"duneons:coarsedirt_2":3,"minecraft:tall_grass":46,"minecraft:copper_ore":1,"regions_unexplored:daisy":1,"minecraft:lapis_ore":2,"minecraft:deepslate_gold_ore":6,"jeg:deepslate_scrap_ore":20,"mores:deepslate_ruby_ore":13,"regions_unexplored:steppe_shrub":1,"minecraft:gray_bed":1,"minecraft:spruce_log":13,"minecraft:birch_leaves":2,"regions_unexplored:sandy_grass":11,"minecraft:coal_ore":46,"regions_unexplored:palm_log":2,"minecraft:terracotta":14,"minecraft:acacia_planks":10},"minecraft:custom":{"lootr:looted_stat":26,"minecraft:interact_with_crafting_table":42,"minecraft:bell_ring":4,"minecraft:leave_game":6,"minecraft:time_since_death":10684,"minecraft:sprint_one_cm":476502,"minecraft:damage_blocked_by_shield":200,"minecraft:drop":125,"minecraft:play_time":298397,"minecraft:deaths":19,"minecraft:jump":4104,"minecraft:walk_on_water_one_cm":74938,"minecraft:interact_with_furnace":57,"minecraft:sleep_in_bed":8,"minecraft:damage_dealt":15531,"minecraft:crouch_one_cm":8284,"tombstone:undead_killed":27,"minecraft:interact_with_smoker":2,"minecraft:interact_with_smithing_table":3,"minecraft:mob_kills":108,"minecraft:damage_dealt_resisted":143,"minecraft:climb_one_cm":108,"minecraft:walk_one_cm":342504,"minecraft:sneak_time":4858,"minecraft:walk_under_water_one_cm":37125,"minecraft:boat_one_cm":56617,"minecraft:total_world_time":298397,"tombstone:raider_killed":4,"minecraft:interact_with_grindstone":1,"minecraft:time_since_rest":9996,"minecraft:damage_absorbed":88,"minecraft:damage_taken":8597,"minecraft:swim_one_cm":51525,"minecraft:fly_one_cm":990828,"minecraft:open_chest":13,"minecraft:fall_one_cm":154012},"minecraft:broken":{"minecraft:wooden_axe":1,"psychedelicraft:cigarette":1,"minecraft:iron_pickaxe":1},"minecraft:crafted":{"nethersdelight:blackstone_furnace":2,"regions_unexplored:baobab_planks":272,"minecraft:oak_planks":4,"minecraft:birch_boat":1,"mores:cobalt_shield":1,"minecraft:cooked_mutton":2,"minecraft:iron_boots":1,"mores:tourmaline_axe":1,"minecraft:chest":1,"mores:topaz_helmet":1,"regions_unexplored:baobab_stairs":8,"minecraft:gray_bed":1,"regions_unexplored:palm_planks":8,"mores:tourmaline_chestplate":1,"minecraft:cooked_porkchop":6,"minecraft:crafting_table":19,"mores:tourmaline_boots":1,"minecraft:iron_helmet":1,"minecraft:birch_planks":152,"minecraft:diamond_pickaxe":1,"minecraft:stick":20,"minecraft:iron_ingot":26,"minecraft:iron_pickaxe":1,"minecraft:gold_ingot":6,"minecraft:shears":1,"mores:tourmaline_helmet":1,"minecraft:furnace":5,"mores:topaz_chestplate":1,"jeg:scrap_workbench":1,"mores:tourmaline_leggings":1,"mores:topaz_sword":1,"farmersdelight:cooked_mutton_chops":4,"mores:cobalt_ingot":14,"jeg:scrap_block":1,"minecraft:air":0,"regions_unexplored:baobab_boat":2,"minecraft:wooden_axe":6,"minecraft:iron_leggings":1,"regions_unexplored:baobab_button":1,"minecraft:torch":128},"minecraft:picked_up":{"minecraft:wooden_axe":2,"irons_spellbooks:scroll":1,"born_in_chaos_v1:black_argillite":4,"alexsmobs:gazelle_horn":2,"minecraft:music_disc_cat":3,"minecraft:string":46,"mores:tourmaline_gem":30,"jeg:revolver":1,"alexsmobs:emu_feather":6,"minecraft:cobbled_deepslate":61,"minecraft:furnace":2,"mores:tin_pickaxe":1,"minecraft:stick":32,"jeg:pistol_ammo":10,"minecraft:torch":17,"minecraft:acacia_log":6,"tombstone:grave_dust":3,"mores:topaz_gem":29,"minecraft:rotten_flesh":16,"farmersdelight:onion":8,"duneons:monstera":1,"alexsmobs:emu_egg":1,"minecraft:cod":3,"minecraft:cobblestone":46,"minecraft:birch_log":38,"minecraft:feather":7,"minecraft:potato":34,"farmersdelight:bacon":4,"jeg:scrap":56,"minecraft:dirt":10,"minecraft:lapis_lazuli":62,"farmersdelight:mutton_chops":3,"minecraft:bone":18,"farmersdelight:iron_knife":1,"minecraft:acacia_planks":27,"duneons:mossendirt":1,"minecraft:wheat_seeds":54,"minecraft:raw_gold":6,"regions_unexplored:baobab_sapling":7,"minecraft:moss_block":3,"minecraft:oak_planks":4,"minecraft:cooked_porkchop":3,"psychedelicraft:juniper_berries":4,"mores:cobalt_ingot":4,"regions_unexplored:baobab_planks":23,"minecraft:sand":3,"mores:raw_cobalt":22,"regions_unexplored:palm_log":2,"regions_unexplored:chalk":29,"farmersdelight:cooked_mutton_chops":2,"minecraft:dark_oak_log":2,"alexsmobs:animal_dictionary":1,"regions_unexplored:hyssop":1,"born_in_chaos_v1:fire_dust":2,"psychedelicraft:glass_chalice":1,"minecraft:diamond":28,"simpleplanes:large_plane":2,"minecraft:bread":26,"minecraft:emerald":18,"alexsmobs:maggot":1,"minecraft:oak_sapling":2,"regions_unexplored:baobab_log":159,"iceandfire:raw_silver":2,"jeg:makeshift_stock":1,"born_in_chaos_v1:diamond_termite_shard":4,"unusualprehistory:opal_chunk":2,"minecraft:moss_carpet":1,"minecraft:blackstone":27,"unusualprehistory:paleo_fossil":2,"minecraft:beef":11,"minecraft:spruce_slab":1,"minecraft:birch_sapling":3,"minecraft:raw_iron":19,"regions_unexplored:ash_vent":1,"farmersdelight:minced_beef":2,"minecraft:bowl":1,"duneons:greenswoed":1,"minecraft:redstone":15,"minecraft:arrow":4,"regions_unexplored:baobab_stairs":1,"minecraft:hay_block":2,"minecraft:mutton":9,"minecraft:white_wool":1,"minecraft:stripped_oak_log":1,"born_in_chaos_v1:corpse_maggot":6,"minecraft:leather":3,"cooking_with_mindthemoods:ancient_stew":1,"minecraft:birch_planks":49,"simpleplanes:furnace_engine":1,"minecraft:oak_log":6,"minecraft:gunpowder":14,"farmersdelight:flint_knife":1,"minecraft:white_banner":1,"minecraft:apple":4,"minecraft:iron_ingot":3,"minecraft:oak_fence_gate":1,"minecraft:stone_pickaxe":2,"minecraft:gray_bed":1,"jeg:tech_trash":3,"duneons:coarsedirt_2":2,"born_in_chaos_v1:ethereal_spirit":2,"minecraft:dandelion":1,"mores:ruby_gem":13,"minecraft:spruce_sapling":9,"minecraft:spruce_log":2,"minecraft:spider_eye":2,"mores:sapphire_gem":2,"minecraft:gray_wool":3,"minecraft:terracotta":14,"minecraft:baked_potato":30,"minecraft:coal":62}},"DataVersion":3465}