{"stats":{"minecraft:custom":{"minecraft:time_since_rest":5794,"minecraft:crouch_one_cm":349,"minecraft:play_time":5794,"minecraft:sprint_one_cm":10360,"minecraft:damage_taken":60,"minecraft:walk_one_cm":6738,"minecraft:sneak_time":75,"minecraft:mob_kills":1,"minecraft:drop":2,"minecraft:jump":95,"minecraft:damage_dealt":110,"minecraft:time_since_death":5794,"minecraft:total_world_time":5794,"minecraft:fly_one_cm":22362,"minecraft:fall_one_cm":3683},"minecraft:killed":{"minecraft:cow":1},"minecraft:used":{"regions_unexplored:peat_dirt":2},"minecraft:mined":{"regions_unexplored:pine_leaves":2,"minecraft:grass":1,"regions_unexplored:peat_grass_block":2,"regions_unexplored:sandy_tall_grass":1,"regions_unexplored:medium_grass":3,"minecraft:fern":4,"regions_unexplored:sandy_grass":1},"minecraft:picked_up":{"regions_unexplored:peat_dirt":2,"minecraft:wheat_seeds":3,"minecraft:beef":1},"minecraft:dropped":{"minecraft:wheat_seeds":3}},"DataVersion":3465}