{"stats":{"minecraft:killed":{"minecraft:pillager":1,"alexsmobs:gazelle":3,"alexsmobs:fly":1},"minecraft:custom":{"minecraft:interact_with_furnace":9,"lootr:looted_stat":9,"minecraft:mob_kills":5,"tombstone:raider_killed":1,"minecraft:interact_with_crafting_table":12,"minecraft:leave_game":3,"minecraft:time_since_death":7292,"minecraft:sleep_in_bed":3,"minecraft:climb_one_cm":36,"minecraft:time_since_rest":3955,"minecraft:sprint_one_cm":119208,"minecraft:damage_taken":1941,"minecraft:walk_one_cm":94077,"minecraft:drop":33,"minecraft:damage_dealt":375,"minecraft:swim_one_cm":23566,"minecraft:fly_one_cm":320815,"minecraft:open_chest":4,"minecraft:crouch_one_cm":2320,"minecraft:play_time":145642,"minecraft:deaths":6,"minecraft:sneak_time":1142,"minecraft:walk_under_water_one_cm":17898,"minecraft:boat_one_cm":54002,"minecraft:jump":1321,"minecraft:walk_on_water_one_cm":13349,"minecraft:total_world_time":145642,"minecraft:interact_with_smoker":2,"minecraft:fall_one_cm":55436},"minecraft:broken":{"minecraft:wooden_axe":1},"minecraft:mined":{"regions_unexplored:chalk_grass_block":3,"minecraft:acacia_leaves":1,"minecraft:dandelion":1,"minecraft:allium":1,"minecraft:grass_block":4,"duneons:coarsedirt_2":3,"minecraft:cobblestone":9,"minecraft:tall_grass":46,"minecraft:spruce_leaves":3,"minecraft:hay_block":2,"regions_unexplored:baobab_log":110,"regions_unexplored:stone_bud":2,"minecraft:furnace":2,"duneons:monstera":1,"minecraft:birch_log":48,"minecraft:spruce_log":13,"regions_unexplored:sandy_grass":11,"minecraft:grass":111,"minecraft:oak_log":2,"duneons:mossendirt":1,"regions_unexplored:palm_log":2,"minecraft:sand":1,"minecraft:dirt":6,"regions_unexplored:medium_grass":3,"minecraft:terracotta":9,"regions_unexplored:chalk":13,"minecraft:stone":2,"minecraft:oak_leaves":1},"minecraft:crafted":{"regions_unexplored:palm_planks":8,"regions_unexplored:baobab_planks":212,"farmersdelight:cooked_mutton_chops":4,"minecraft:cooked_porkchop":6,"minecraft:crafting_table":11,"minecraft:birch_boat":1,"minecraft:furnace":1,"minecraft:birch_planks":152,"minecraft:cooked_mutton":2,"minecraft:air":0,"regions_unexplored:baobab_boat":1,"minecraft:stick":8,"minecraft:wooden_axe":6},"minecraft:dropped":{"alexsmobs:maggot":1,"minecraft:wheat_seeds":18,"duneons:greenswoed":1,"chisel:noborder/glass":2,"minecraft:bowl":1,"minecraft:crafting_table":4,"minecraft:birch_sapling":3,"simpleplanes:plane":1,"simpleplanes:large_plane":2,"tombstone:grave_key":2,"minecraft:wooden_axe":5,"simpleplanes:cargo_plane":1,"simpleplanes:furnace_engine":3,"minecraft:stone_pickaxe":1,"minecraft:dandelion":1},"minecraft:picked_up":{"minecraft:birch_log":38,"cooking_with_mindthemoods:ancient_stew":1,"minecraft:oak_log":2,"minecraft:dirt":9,"duneons:mossendirt":1,"minecraft:wheat_seeds":36,"regions_unexplored:baobab_sapling":7,"minecraft:stone_pickaxe":2,"minecraft:birch_sapling":3,"minecraft:furnace":2,"minecraft:stick":30,"duneons:coarsedirt_2":2,"minecraft:bowl":1,"minecraft:dandelion":1,"regions_unexplored:baobab_planks":3,"duneons:greenswoed":1,"minecraft:sand":1,"minecraft:spruce_sapling":3,"regions_unexplored:chalk":16,"regions_unexplored:palm_log":2,"minecraft:spruce_log":1,"farmersdelight:cooked_mutton_chops":2,"born_in_chaos_v1:fire_dust":2,"duneons:monstera":1,"minecraft:hay_block":1,"simpleplanes:large_plane":2,"minecraft:terracotta":9,"alexsmobs:maggot":1,"minecraft:oak_sapling":1,"minecraft:mutton":3,"regions_unexplored:baobab_log":106,"minecraft:cobblestone":11,"minecraft:wooden_axe":1},"minecraft:used":{"duneons:monstera":1,"duneons:mossendirt":1,"minecraft:cooked_mutton":1,"farmersdelight:iron_knife":4,"minecraft:stone_pickaxe":38,"chisel:noborder/glass":48,"duneons:coarsedirt_2":2,"minecraft:birch_boat":1,"regions_unexplored:baobab_sapling":7,"regions_unexplored:chalk":16,"minecraft:dirt":8,"minecraft:crafting_table":7,"regions_unexplored:baobab_boat":1,"minecraft:glass":22,"minecraft:wooden_axe":177,"minecraft:apple":1,"minecraft:bread":2,"regions_unexplored:baobab_planks":33,"tombstone:grave_key":2,"simpleplanes:large_plane":3,"minecraft:furnace":3,"minecraft:oak_sapling":1,"tombstone:gift":2}},"DataVersion":3465}