{"stats":{"minecraft:custom":{"minecraft:time_since_rest":341,"minecraft:sprint_one_cm":29600,"minecraft:damage_taken":2122,"minecraft:walk_one_cm":33797,"minecraft:mob_kills":2,"minecraft:drop":25,"minecraft:damage_dealt":238,"minecraft:swim_one_cm":3642,"minecraft:fly_one_cm":86043,"minecraft:crouch_one_cm":2051,"minecraft:play_time":39796,"minecraft:deaths":3,"minecraft:sneak_time":608,"minecraft:walk_under_water_one_cm":10417,"minecraft:jump":367,"minecraft:leave_game":1,"minecraft:time_since_death":484,"minecraft:walk_on_water_one_cm":4272,"minecraft:total_world_time":39796,"minecraft:fall_one_cm":17553},"minecraft:killed":{"minecraft:cow":1},"minecraft:used":{"minecraft:water_bucket":1,"minecraft:lava_bucket":2,"regions_unexplored:peat_dirt":2,"endofherobrine:netherrack_totem":66,"minecraft:netherrack":5,"minecraft:dirt":2,"minecraft:beef":1,"minecraft:carrot":3,"minecraft:bucket":2,"tombstone:gift":2,"minecraft:gold_block":7},"minecraft:mined":{"regions_unexplored:sandy_tall_grass":1,"regions_unexplored:sandy_grass":1,"regions_unexplored:pine_leaves":2,"minecraft:grass":5,"minecraft:grass_block":2,"regions_unexplored:peat_grass_block":2,"minecraft:dirt":1,"regions_unexplored:medium_grass":3,"regions_unexplored:windswept_grass":1,"minecraft:fern":4,"regions_unexplored:pine_log":2},"minecraft:picked_up":{"regions_unexplored:peat_dirt":2,"rustic_engineer:dragonfly_item":3,"duneons:snow_armor_helmet":2,"minecraft:water_bucket":1,"duneons:bluekinghat_leggings":1,"minecraft:lava_bucket":1,"minecraft:oak_log":1,"duneons:frostarmortwo_helmet":1,"minecraft:carrot":3,"minecraft:dirt":5,"minecraft:wheat_seeds":4,"regions_unexplored:pine_log":2,"minecraft:bucket":1,"duneons:frostarmortwo_chestplate":1,"minecraft:beef":1,"endofherobrine:netherrack_totem":1,"duneons:snow_armor_chestplate":2,"minecraft:netherrack":1},"minecraft:dropped":{"minecraft:gold_block":1,"minecraft:lava_bucket":1,"minecraft:water_bucket":1,"duneons:bluekinghat_leggings":1,"rustic_engineer:dragonfly_item":1,"minecraft:wheat_seeds":3,"duneons:frostarmortwo_chestplate":1,"alexsmobs:animal_dictionary":1,"duneons:snow_armor_chestplate":3,"tombstone:grave_key":1,"duneons:snow_armor_helmet":2,"endofherobrine:netherrack_totem":2,"rustic_engineer:engine":3,"minecraft:bucket":2,"minecraft:netherrack":1,"minecraft:coal":192,"duneons:frostarmortwo_helmet":1},"minecraft:crafted":{"minecraft:coal":576}},"DataVersion":3465}