{"stats":{"minecraft:killed":{"minecraft:pillager":1,"alexsmobs:fly":1},"minecraft:custom":{"lootr:looted_stat":9,"minecraft:mob_kills":2,"tombstone:raider_killed":1,"minecraft:interact_with_crafting_table":6,"minecraft:leave_game":3,"minecraft:time_since_death":7699,"minecraft:sleep_in_bed":1,"minecraft:climb_one_cm":36,"minecraft:time_since_rest":90,"minecraft:sprint_one_cm":63691,"minecraft:damage_taken":1440,"minecraft:walk_one_cm":60613,"minecraft:drop":22,"minecraft:damage_dealt":121,"minecraft:swim_one_cm":7802,"minecraft:fly_one_cm":180665,"minecraft:crouch_one_cm":2159,"minecraft:play_time":73642,"minecraft:deaths":4,"minecraft:sneak_time":617,"minecraft:walk_under_water_one_cm":2451,"minecraft:boat_one_cm":14358,"minecraft:jump":801,"minecraft:walk_on_water_one_cm":6187,"minecraft:total_world_time":73642,"minecraft:interact_with_smoker":2,"minecraft:fall_one_cm":33098},"minecraft:crafted":{"regions_unexplored:baobab_planks":204,"minecraft:cooked_porkchop":3,"minecraft:crafting_table":8,"minecraft:birch_boat":1,"minecraft:birch_planks":152,"minecraft:air":0,"minecraft:stick":8,"minecraft:wooden_axe":5},"minecraft:mined":{"minecraft:acacia_leaves":1,"minecraft:dandelion":1,"minecraft:allium":1,"minecraft:grass_block":4,"duneons:coarsedirt_2":3,"minecraft:tall_grass":46,"minecraft:spruce_leaves":3,"minecraft:hay_block":2,"regions_unexplored:baobab_log":54,"regions_unexplored:stone_bud":1,"duneons:monstera":1,"minecraft:birch_log":48,"minecraft:spruce_log":13,"minecraft:grass":107,"minecraft:oak_log":2,"duneons:mossendirt":1,"minecraft:sand":1,"minecraft:dirt":6,"regions_unexplored:medium_grass":3},"minecraft:dropped":{"alexsmobs:maggot":1,"minecraft:wheat_seeds":16,"chisel:noborder/glass":2,"minecraft:crafting_table":4,"minecraft:birch_sapling":3,"simpleplanes:large_plane":1,"minecraft:wooden_axe":3,"simpleplanes:cargo_plane":1,"simpleplanes:furnace_engine":3,"minecraft:dandelion":1},"minecraft:picked_up":{"minecraft:birch_log":38,"cooking_with_mindthemoods:ancient_stew":1,"minecraft:oak_log":2,"minecraft:dirt":9,"duneons:mossendirt":1,"minecraft:wheat_seeds":35,"regions_unexplored:baobab_sapling":2,"minecraft:birch_sapling":3,"minecraft:stick":15,"duneons:coarsedirt_2":2,"minecraft:dandelion":1,"minecraft:sand":1,"minecraft:spruce_sapling":3,"minecraft:spruce_log":1,"duneons:monstera":1,"minecraft:hay_block":1,"simpleplanes:large_plane":2,"alexsmobs:maggot":1,"regions_unexplored:baobab_log":52},"minecraft:used":{"duneons:monstera":1,"duneons:mossendirt":1,"farmersdelight:iron_knife":4,"chisel:noborder/glass":48,"duneons:coarsedirt_2":2,"minecraft:birch_boat":1,"minecraft:dirt":8,"minecraft:crafting_table":4,"minecraft:glass":22,"minecraft:wooden_axe":119,"minecraft:bread":2,"regions_unexplored:baobab_planks":1,"simpleplanes:large_plane":2,"tombstone:gift":1}},"DataVersion":3465}