{"stats":{"minecraft:killed":{"minecraft:husk":2,"born_in_chaos_v1:spirit_guide_assistant":2,"minecraft:spider":4,"enemyexpansion:direwolf":1,"minecraft:zombie":2,"alexsmobs:gazelle":1},"minecraft:custom":{"minecraft:interact_with_furnace":22,"lootr:looted_stat":12,"minecraft:mob_kills":13,"minecraft:interact_with_crafting_table":22,"minecraft:leave_game":5,"minecraft:time_since_death":19418,"minecraft:sleep_in_bed":2,"minecraft:time_since_rest":19262,"minecraft:sprint_one_cm":90034,"minecraft:damage_taken":2840,"minecraft:walk_one_cm":308109,"minecraft:drop":48,"minecraft:damage_dealt":2711,"minecraft:swim_one_cm":23078,"minecraft:fly_one_cm":68065,"minecraft:open_chest":2,"minecraft:crouch_one_cm":220,"minecraft:play_time":111056,"tombstone:undead_killed":6,"minecraft:deaths":4,"minecraft:sneak_time":131,"minecraft:walk_under_water_one_cm":7225,"minecraft:boat_one_cm":14502,"minecraft:jump":1203,"minecraft:walk_on_water_one_cm":17500,"minecraft:total_world_time":111056,"minecraft:fall_one_cm":25632},"minecraft:broken":{"minecraft:wooden_axe":2,"minecraft:wooden_pickaxe":1},"minecraft:crafted":{"mores:cobalt_sword":1,"regions_unexplored:baobab_planks":288,"minecraft:oak_planks":4,"mores:tin_pickaxe":1,"minecraft:crafting_table":2,"mores:cobalt_ingot":12,"mores:cobalt_pickaxe":1,"minecraft:wooden_pickaxe":2,"mores:cobalt_axe":1,"minecraft:furnace":2,"minecraft:cooked_mutton":2,"mores:cobalt_chestplate":1,"minecraft:glass":40,"mores:tin_ingot":10,"minecraft:iron_ingot":1,"minecraft:stone_pickaxe":2,"minecraft:chest":1,"minecraft:acacia_door":3,"minecraft:acacia_planks":36,"minecraft:torch":20,"regions_unexplored:baobab_stairs":12},"minecraft:mined":{"regions_unexplored:chalk_grass_block":34,"minecraft:acacia_leaves":2,"mores:cobalt_ore":8,"iceandfire:silver_ore":2,"minecraft:jungle_leaves":7,"minecraft:crafting_table":2,"regions_unexplored:baobab_planks":1,"minecraft:acacia_log":9,"minecraft:grass_block":3,"minecraft:glass":1,"mores:tin_ore":10,"minecraft:wall_torch":1,"regions_unexplored:baobab_log":81,"regions_unexplored:stone_bud":6,"mores:deepslate_tourmaline_ore":1,"minecraft:iron_ore":6,"minecraft:wheat":17,"minecraft:black_bed":2,"mores:deepslate_cobalt_ore":2,"minecraft:grass":26,"regions_unexplored:baobab_stairs":1,"minecraft:coal_ore":10,"minecraft:oak_log":1,"regions_unexplored:palm_log":3,"minecraft:sand":3,"mores:silver_ore":5,"minecraft:deepslate":1,"regions_unexplored:medium_grass":8,"minecraft:terracotta":11,"minecraft:acacia_planks":6,"minecraft:stone":52,"minecraft:oak_leaves":22,"minecraft:fern":1,"regions_unexplored:tassel":1},"minecraft:used":{"farmersdelight:iron_knife":225,"mores:cobalt_axe":1,"cooking_with_mindthemoods:ancient_stew_plate":2,"minecraft:stone_pickaxe":71,"minecraft:oak_planks":4,"minecraft:chest":1,"minecraft:wooden_pickaxe":77,"minecraft:torch":2,"mores:cobalt_sword":28,"minecraft:crafting_table":4,"regions_unexplored:baobab_stairs":10,"minecraft:black_bed":3,"minecraft:glass":26,"minecraft:wooden_axe":78,"regions_unexplored:palm_log":2,"cooking_with_mindthemoods:ancient_stew":1,"minecraft:acacia_door":2,"minecraft:bread":20,"regions_unexplored:baobab_planks":248,"mores:cobalt_pickaxe":3,"mores:cobalt_chestplate":1,"minecraft:cobblestone":7,"minecraft:furnace":2,"mores:bronze_apple":1,"simpleplanes:cargo_plane":1,"minecraft:acacia_planks":36},"minecraft:dropped":{"minecraft:bread":2,"farmersdelight:iron_knife":1,"minecraft:wheat_seeds":24,"minecraft:cobbled_deepslate":1,"minecraft:bowl":1,"mores:raw_tin":23,"minecraft:saddle":1,"mores:tin_ingot":10,"simpleplanes:plane":1,"regions_unexplored:baobab_planks":1,"mores:tin_pickaxe":1,"irons_spellbooks:scroll":1,"simpleplanes:large_plane":1,"minecraft:stone_pickaxe":2,"regions_unexplored:chalk":4,"cooking_with_mindthemoods:ancient_stew":2,"alexsmobs:shark_tooth":1,"minecraft:terracotta":11},"minecraft:picked_up":{"minecraft:wooden_axe":3,"irons_spellbooks:scroll":2,"minecraft:wheat":4,"minecraft:crafting_table":2,"minecraft:black_bed":2,"cooking_with_mindthemoods:ancient_stew":3,"minecraft:oak_log":1,"regions_unexplored:tassel":1,"rustic_engineer:book_airship":1,"minecraft:string":5,"minecraft:dirt":3,"mores:tourmaline_gem":1,"minecraft:acacia_planks":6,"chococraft:gysahl_green":16,"minecraft:wheat_seeds":37,"minecraft:cobbled_deepslate":1,"regions_unexplored:baobab_sapling":9,"farmersdelight:straw":1,"minecraft:acacia_sapling":1,"minecraft:stick":29,"minecraft:raw_iron":3,"simpleplanes:plane":1,"minecraft:bowl":1,"minecraft:acacia_log":9,"minecraft:torch":5,"alexsmobs:shark_tooth":1,"mores:cobalt_ingot":4,"regions_unexplored:baobab_planks":1,"minecraft:sand":29,"mores:raw_cobalt":10,"regions_unexplored:chalk":37,"regions_unexplored:palm_log":2,"minecraft:spider_eye":1,"mores:tin_ingot":10,"mores:raw_tin":56,"minecraft:rotten_flesh":4,"minecraft:tropical_fish":1,"tombstone:magic_scroll":1,"regions_unexplored:baobab_stairs":1,"simpleplanes:large_plane":2,"minecraft:saddle":1,"minecraft:terracotta":22,"chisel:noborder/glass":1,"mores:raw_silver":5,"minecraft:oak_sapling":3,"iceandfire:raw_silver":2,"simpleplanes:cargo_plane":1,"minecraft:coal":10,"regions_unexplored:baobab_log":72,"minecraft:cobblestone":54}},"DataVersion":3465}