{"stats":{"minecraft:killed":{"minecraft:husk":2,"born_in_chaos_v1:spirit_guide_assistant":2,"enemyexpansion:direwolf":1,"alexsmobs:gazelle":1},"minecraft:custom":{"lootr:looted_stat":8,"minecraft:interact_with_furnace":4,"minecraft:mob_kills":7,"minecraft:interact_with_crafting_table":13,"minecraft:leave_game":3,"minecraft:time_since_death":24742,"minecraft:sleep_in_bed":2,"minecraft:time_since_rest":24519,"minecraft:sprint_one_cm":56657,"minecraft:damage_taken":1483,"minecraft:walk_one_cm":200736,"minecraft:drop":30,"minecraft:damage_dealt":1127,"minecraft:swim_one_cm":7378,"minecraft:fly_one_cm":43105,"minecraft:open_chest":2,"minecraft:crouch_one_cm":220,"minecraft:play_time":76282,"tombstone:undead_killed":4,"minecraft:deaths":3,"minecraft:sneak_time":93,"minecraft:walk_under_water_one_cm":5329,"minecraft:boat_one_cm":14502,"minecraft:jump":724,"minecraft:walk_on_water_one_cm":5289,"minecraft:total_world_time":76282,"minecraft:fall_one_cm":16921},"minecraft:broken":{"minecraft:wooden_axe":2,"minecraft:wooden_pickaxe":1},"minecraft:crafted":{"regions_unexplored:baobab_planks":288,"minecraft:oak_planks":4,"minecraft:crafting_table":1,"minecraft:wooden_pickaxe":2,"minecraft:furnace":1,"minecraft:cooked_mutton":2,"minecraft:glass":40,"minecraft:stone_pickaxe":2,"minecraft:chest":1,"minecraft:acacia_door":3,"minecraft:acacia_planks":36,"regions_unexplored:baobab_stairs":12},"minecraft:mined":{"regions_unexplored:chalk_grass_block":34,"minecraft:acacia_leaves":2,"minecraft:jungle_leaves":7,"minecraft:crafting_table":1,"regions_unexplored:baobab_planks":1,"minecraft:acacia_log":9,"minecraft:grass_block":3,"minecraft:glass":1,"regions_unexplored:baobab_log":81,"regions_unexplored:stone_bud":6,"minecraft:wheat":17,"minecraft:black_bed":2,"regions_unexplored:baobab_stairs":1,"minecraft:grass":26,"minecraft:oak_log":1,"minecraft:coal_ore":5,"regions_unexplored:palm_log":3,"regions_unexplored:medium_grass":8,"minecraft:terracotta":11,"minecraft:acacia_planks":6,"minecraft:stone":22,"minecraft:fern":1,"minecraft:oak_leaves":22,"regions_unexplored:tassel":1},"minecraft:dropped":{"minecraft:wheat_seeds":24,"minecraft:bowl":1,"simpleplanes:large_plane":1,"alexsmobs:shark_tooth":1,"cooking_with_mindthemoods:ancient_stew":2,"minecraft:terracotta":11},"minecraft:used":{"farmersdelight:iron_knife":150,"cooking_with_mindthemoods:ancient_stew_plate":2,"minecraft:oak_planks":4,"minecraft:chest":1,"minecraft:wooden_pickaxe":77,"minecraft:crafting_table":2,"regions_unexplored:baobab_stairs":10,"minecraft:black_bed":3,"minecraft:glass":26,"minecraft:wooden_axe":78,"regions_unexplored:palm_log":2,"cooking_with_mindthemoods:ancient_stew":1,"minecraft:acacia_door":2,"minecraft:bread":4,"regions_unexplored:baobab_planks":248,"minecraft:cobblestone":1,"minecraft:furnace":1,"simpleplanes:cargo_plane":1,"minecraft:acacia_planks":36},"minecraft:picked_up":{"minecraft:wooden_axe":3,"minecraft:crafting_table":1,"minecraft:wheat":4,"minecraft:black_bed":2,"cooking_with_mindthemoods:ancient_stew":3,"minecraft:oak_log":1,"regions_unexplored:tassel":1,"minecraft:dirt":3,"chococraft:gysahl_green":16,"minecraft:acacia_planks":6,"minecraft:wheat_seeds":37,"regions_unexplored:baobab_sapling":9,"farmersdelight:straw":1,"minecraft:acacia_sapling":1,"minecraft:stick":29,"simpleplanes:plane":1,"alexsmobs:shark_tooth":1,"minecraft:bowl":1,"minecraft:acacia_log":9,"regions_unexplored:baobab_planks":1,"minecraft:sand":28,"regions_unexplored:chalk":34,"regions_unexplored:palm_log":2,"minecraft:rotten_flesh":2,"minecraft:tropical_fish":1,"regions_unexplored:baobab_stairs":1,"simpleplanes:large_plane":2,"minecraft:terracotta":22,"minecraft:oak_sapling":3,"chisel:noborder/glass":1,"minecraft:coal":5,"simpleplanes:cargo_plane":1,"regions_unexplored:baobab_log":72,"minecraft:cobblestone":22}},"DataVersion":3465}