{"stats":{"minecraft:killed":{"minecraft:husk":2,"born_in_chaos_v1:spirit_guide_assistant":2,"minecraft:spider":2,"enemyexpansion:direwolf":1,"alexsmobs:gazelle":1},"minecraft:custom":{"lootr:looted_stat":12,"minecraft:interact_with_furnace":5,"minecraft:mob_kills":9,"minecraft:interact_with_crafting_table":15,"minecraft:leave_game":3,"minecraft:time_since_death":36742,"minecraft:sleep_in_bed":2,"minecraft:time_since_rest":36519,"minecraft:sprint_one_cm":68370,"minecraft:damage_taken":1776,"minecraft:walk_one_cm":236808,"minecraft:drop":31,"minecraft:damage_dealt":1508,"minecraft:swim_one_cm":23078,"minecraft:fly_one_cm":58140,"minecraft:open_chest":2,"minecraft:crouch_one_cm":220,"minecraft:play_time":88282,"tombstone:undead_killed":4,"minecraft:deaths":3,"minecraft:sneak_time":131,"minecraft:walk_under_water_one_cm":7030,"minecraft:boat_one_cm":14502,"minecraft:jump":978,"minecraft:walk_on_water_one_cm":10166,"minecraft:total_world_time":88282,"minecraft:fall_one_cm":21800},"minecraft:broken":{"minecraft:wooden_axe":2,"minecraft:wooden_pickaxe":1},"minecraft:crafted":{"regions_unexplored:baobab_planks":288,"minecraft:oak_planks":4,"minecraft:crafting_table":2,"minecraft:wooden_pickaxe":2,"minecraft:furnace":1,"minecraft:cooked_mutton":2,"minecraft:glass":40,"minecraft:stone_pickaxe":2,"minecraft:chest":1,"minecraft:acacia_door":3,"minecraft:acacia_planks":36,"minecraft:torch":20,"regions_unexplored:baobab_stairs":12},"minecraft:mined":{"regions_unexplored:chalk_grass_block":34,"minecraft:acacia_leaves":2,"iceandfire:silver_ore":1,"minecraft:jungle_leaves":7,"minecraft:crafting_table":2,"regions_unexplored:baobab_planks":1,"minecraft:acacia_log":9,"minecraft:grass_block":3,"minecraft:glass":1,"mores:tin_ore":10,"minecraft:wall_torch":1,"regions_unexplored:baobab_log":81,"regions_unexplored:stone_bud":6,"minecraft:iron_ore":3,"minecraft:wheat":17,"minecraft:black_bed":2,"regions_unexplored:baobab_stairs":1,"minecraft:grass":26,"minecraft:oak_log":1,"minecraft:coal_ore":10,"regions_unexplored:palm_log":3,"minecraft:sand":3,"mores:silver_ore":5,"regions_unexplored:medium_grass":8,"minecraft:terracotta":11,"minecraft:acacia_planks":6,"minecraft:stone":32,"minecraft:fern":1,"minecraft:oak_leaves":22,"regions_unexplored:tassel":1},"minecraft:dropped":{"minecraft:wheat_seeds":24,"minecraft:bowl":1,"irons_spellbooks:scroll":1,"simpleplanes:large_plane":1,"alexsmobs:shark_tooth":1,"cooking_with_mindthemoods:ancient_stew":2,"minecraft:terracotta":11},"minecraft:used":{"farmersdelight:iron_knife":186,"cooking_with_mindthemoods:ancient_stew_plate":2,"minecraft:stone_pickaxe":36,"minecraft:oak_planks":4,"minecraft:chest":1,"minecraft:wooden_pickaxe":77,"minecraft:torch":2,"minecraft:crafting_table":3,"regions_unexplored:baobab_stairs":10,"minecraft:black_bed":3,"minecraft:glass":26,"minecraft:wooden_axe":78,"regions_unexplored:palm_log":2,"cooking_with_mindthemoods:ancient_stew":1,"minecraft:acacia_door":2,"minecraft:bread":9,"regions_unexplored:baobab_planks":248,"minecraft:cobblestone":7,"minecraft:furnace":1,"mores:bronze_apple":1,"simpleplanes:cargo_plane":1,"minecraft:acacia_planks":36},"minecraft:picked_up":{"minecraft:wooden_axe":3,"irons_spellbooks:scroll":1,"minecraft:crafting_table":2,"minecraft:wheat":4,"minecraft:black_bed":2,"cooking_with_mindthemoods:ancient_stew":3,"minecraft:oak_log":1,"minecraft:string":1,"regions_unexplored:tassel":1,"minecraft:dirt":3,"chococraft:gysahl_green":16,"minecraft:acacia_planks":6,"minecraft:wheat_seeds":37,"regions_unexplored:baobab_sapling":9,"farmersdelight:straw":1,"minecraft:acacia_sapling":1,"minecraft:raw_iron":3,"minecraft:stick":29,"simpleplanes:plane":1,"minecraft:torch":5,"alexsmobs:shark_tooth":1,"minecraft:bowl":1,"minecraft:acacia_log":9,"regions_unexplored:baobab_planks":1,"minecraft:sand":29,"regions_unexplored:chalk":34,"regions_unexplored:palm_log":2,"minecraft:spider_eye":1,"mores:raw_tin":33,"minecraft:rotten_flesh":4,"minecraft:tropical_fish":1,"regions_unexplored:baobab_stairs":1,"simpleplanes:large_plane":2,"mores:raw_silver":5,"iceandfire:raw_silver":1,"minecraft:terracotta":22,"minecraft:oak_sapling":3,"chisel:noborder/glass":1,"minecraft:coal":10,"simpleplanes:cargo_plane":1,"regions_unexplored:baobab_log":72,"minecraft:cobblestone":34}},"DataVersion":3465}