{"stats":{"minecraft:killed":{"minecraft:husk":2,"born_in_chaos_v1:spirit_guide_assistant":2,"enemyexpansion:direwolf":1,"alexsmobs:gazelle":1},"minecraft:custom":{"lootr:looted_stat":8,"minecraft:interact_with_furnace":2,"minecraft:mob_kills":7,"minecraft:interact_with_crafting_table":8,"minecraft:leave_game":3,"minecraft:time_since_death":12742,"minecraft:sleep_in_bed":2,"minecraft:time_since_rest":12519,"minecraft:sprint_one_cm":40196,"minecraft:damage_taken":1263,"minecraft:walk_one_cm":174264,"minecraft:drop":27,"minecraft:damage_dealt":1111,"minecraft:swim_one_cm":1480,"minecraft:fly_one_cm":35001,"minecraft:crouch_one_cm":220,"minecraft:play_time":64282,"tombstone:undead_killed":4,"minecraft:deaths":3,"minecraft:sneak_time":81,"minecraft:walk_under_water_one_cm":2653,"minecraft:boat_one_cm":14502,"minecraft:jump":597,"minecraft:walk_on_water_one_cm":4407,"minecraft:total_world_time":64282,"minecraft:fall_one_cm":15067},"minecraft:broken":{"minecraft:wooden_axe":2,"minecraft:wooden_pickaxe":1},"minecraft:crafted":{"regions_unexplored:baobab_planks":272,"minecraft:oak_planks":4,"minecraft:crafting_table":1,"minecraft:wooden_pickaxe":1,"minecraft:furnace":1,"minecraft:glass":40,"minecraft:acacia_door":3,"minecraft:acacia_planks":36,"regions_unexplored:baobab_stairs":12},"minecraft:mined":{"regions_unexplored:chalk_grass_block":33,"minecraft:acacia_leaves":2,"minecraft:jungle_leaves":7,"minecraft:crafting_table":1,"regions_unexplored:baobab_planks":1,"minecraft:acacia_log":9,"minecraft:grass_block":3,"minecraft:glass":1,"regions_unexplored:baobab_log":77,"regions_unexplored:stone_bud":6,"minecraft:wheat":17,"minecraft:black_bed":2,"regions_unexplored:baobab_stairs":1,"minecraft:grass":26,"minecraft:oak_log":1,"minecraft:coal_ore":5,"regions_unexplored:palm_log":3,"regions_unexplored:medium_grass":8,"minecraft:terracotta":11,"minecraft:acacia_planks":6,"minecraft:stone":10,"minecraft:fern":1,"minecraft:oak_leaves":22,"regions_unexplored:tassel":1},"minecraft:dropped":{"minecraft:wheat_seeds":24,"simpleplanes:large_plane":1,"cooking_with_mindthemoods:ancient_stew":2},"minecraft:used":{"farmersdelight:iron_knife":150,"cooking_with_mindthemoods:ancient_stew_plate":2,"minecraft:oak_planks":4,"minecraft:wooden_pickaxe":62,"minecraft:crafting_table":2,"regions_unexplored:baobab_stairs":10,"minecraft:black_bed":3,"minecraft:glass":26,"minecraft:wooden_axe":75,"regions_unexplored:palm_log":2,"cooking_with_mindthemoods:ancient_stew":1,"minecraft:acacia_door":2,"minecraft:bread":1,"regions_unexplored:baobab_planks":248,"minecraft:cobblestone":1,"minecraft:furnace":1,"simpleplanes:cargo_plane":1,"minecraft:acacia_planks":36},"minecraft:picked_up":{"minecraft:wooden_axe":2,"minecraft:crafting_table":1,"minecraft:wheat":4,"minecraft:black_bed":2,"cooking_with_mindthemoods:ancient_stew":3,"minecraft:oak_log":1,"regions_unexplored:tassel":1,"minecraft:dirt":3,"minecraft:acacia_planks":6,"minecraft:wheat_seeds":37,"regions_unexplored:baobab_sapling":9,"farmersdelight:straw":1,"minecraft:acacia_sapling":1,"minecraft:stick":29,"minecraft:acacia_log":9,"regions_unexplored:baobab_planks":1,"minecraft:sand":28,"regions_unexplored:chalk":33,"regions_unexplored:palm_log":2,"minecraft:rotten_flesh":2,"regions_unexplored:baobab_stairs":1,"simpleplanes:large_plane":1,"minecraft:terracotta":11,"minecraft:oak_sapling":3,"chisel:noborder/glass":1,"minecraft:coal":5,"simpleplanes:cargo_plane":1,"regions_unexplored:baobab_log":68,"minecraft:cobblestone":10}},"DataVersion":3465}