{"stats":{"minecraft:custom":{"minecraft:jump":37,"minecraft:time_since_rest":13905,"lootr:looted_stat":1,"minecraft:walk_on_water_one_cm":797,"minecraft:sprint_one_cm":1781,"minecraft:play_time":13905,"minecraft:damage_taken":50,"minecraft:time_since_death":13905,"minecraft:walk_one_cm":18251,"minecraft:total_world_time":13905,"minecraft:walk_under_water_one_cm":427,"minecraft:swim_one_cm":5607,"minecraft:fall_one_cm":1910,"minecraft:fly_one_cm":3296},"minecraft:used":{"regions_unexplored:pine_log":1,"minecraft:bucket":1,"minecraft:water_bucket":2},"minecraft:mined":{"regions_unexplored:medium_grass":1,"regions_unexplored:sandy_grass":1,"regions_unexplored:pine_log":5},"minecraft:picked_up":{"minecraft:water_bucket":1,"regions_unexplored:pine_log":4},"minecraft:crafted":{"regions_unexplored:pine_planks":12}},"DataVersion":3465}