{"stats":{"minecraft:custom":{"minecraft:time_since_rest":19005,"minecraft:play_time":19005,"lootr:looted_stat":1,"minecraft:sprint_one_cm":6144,"minecraft:damage_taken":60,"minecraft:walk_one_cm":23926,"minecraft:sneak_time":4,"minecraft:walk_under_water_one_cm":427,"minecraft:drop":4,"minecraft:jump":53,"minecraft:leave_game":1,"minecraft:time_since_death":19005,"minecraft:walk_on_water_one_cm":797,"minecraft:total_world_time":19005,"minecraft:swim_one_cm":5607,"minecraft:fall_one_cm":2245,"minecraft:fly_one_cm":4896},"minecraft:used":{"regions_unexplored:pine_log":1,"minecraft:water_bucket":2,"minecraft:bucket":1},"minecraft:mined":{"regions_unexplored:medium_grass":1,"regions_unexplored:redwood_log":7,"regions_unexplored:sandy_grass":1,"regions_unexplored:pine_log":5},"minecraft:picked_up":{"minecraft:water_bucket":1,"regions_unexplored:pine_log":4,"regions_unexplored:redwood_log":7},"minecraft:dropped":{"minecraft:water_bucket":1,"rustic_engineer:dragonfly_item":3},"minecraft:crafted":{"regions_unexplored:pine_planks":12}},"DataVersion":3465}