{"stats":{"minecraft:custom":{"minecraft:time_since_rest":3020,"lootr:looted_stat":2,"minecraft:sprint_one_cm":47502,"minecraft:damage_taken":210,"minecraft:walk_one_cm":79812,"minecraft:mob_kills":1,"minecraft:drop":4,"minecraft:damage_dealt":255,"minecraft:swim_one_cm":6668,"minecraft:interact_with_crafting_table":3,"minecraft:fly_one_cm":74008,"minecraft:play_time":33245,"minecraft:deaths":1,"minecraft:sneak_time":4,"minecraft:walk_under_water_one_cm":1489,"minecraft:jump":401,"minecraft:leave_game":1,"minecraft:time_since_death":3226,"minecraft:walk_on_water_one_cm":2386,"minecraft:total_world_time":33245,"minecraft:fall_one_cm":9312},"minecraft:killed":{"enemyexpansion:direwolf":1},"minecraft:used":{"regions_unexplored:pine_log":1,"minecraft:water_bucket":2,"minecraft:stone_pickaxe":8,"minecraft:wooden_pickaxe":24,"minecraft:iron_sword":22,"minecraft:stone_axe":36,"minecraft:dirt":4,"minecraft:crafting_table":1,"minecraft:bucket":1,"chococraft:gysahl_green":2},"minecraft:mined":{"minecraft:podzol":4,"iceandfire:silver_ore":1,"regions_unexplored:stripped_redwood_log":1,"minecraft:crafting_table":1,"regions_unexplored:sandy_grass":1,"minecraft:grass":4,"chococraft:gysahl_green":18,"minecraft:grass_block":2,"minecraft:coal_ore":7,"minecraft:dirt":4,"regions_unexplored:medium_grass":5,"minecraft:stone":17,"regions_unexplored:redwood_log":35,"minecraft:fern":2,"regions_unexplored:pine_log":5},"minecraft:picked_up":{"chococraft:loverly_gysahl_green":3,"minecraft:crafting_table":1,"minecraft:water_bucket":1,"chococraft:gysahl_green_seeds":18,"minecraft:dirt":8,"regions_unexplored:stripped_redwood_log":1,"chococraft:gysahl_green":45,"regions_unexplored:pine_log":4,"minecraft:wheat_seeds":1,"iceandfire:raw_silver":1,"regions_unexplored:redwood_log":34,"minecraft:coal":7,"minecraft:cobblestone":17},"minecraft:dropped":{"minecraft:water_bucket":1,"rustic_engineer:dragonfly_item":3},"minecraft:crafted":{"regions_unexplored:redwood_planks":136,"regions_unexplored:pine_planks":12,"minecraft:crafting_table":1,"minecraft:stick":8,"minecraft:wooden_pickaxe":1,"minecraft:stone_pickaxe":1,"minecraft:stone_axe":1}},"DataVersion":3465}