{"stats":{"minecraft:custom":{"minecraft:time_since_rest":206,"lootr:looted_stat":12,"minecraft:sprint_one_cm":63533,"minecraft:damage_taken":975,"minecraft:walk_one_cm":140095,"minecraft:mob_kills":5,"minecraft:drop":7,"minecraft:damage_dealt":1221,"minecraft:swim_one_cm":6668,"minecraft:interact_with_crafting_table":3,"minecraft:fly_one_cm":78005,"minecraft:crouch_one_cm":317,"minecraft:play_time":45245,"tombstone:undead_killed":4,"minecraft:deaths":3,"minecraft:bell_ring":4,"minecraft:sneak_time":93,"minecraft:walk_under_water_one_cm":1489,"minecraft:jump":505,"minecraft:leave_game":1,"minecraft:time_since_death":374,"minecraft:walk_on_water_one_cm":2386,"minecraft:total_world_time":45245,"minecraft:fall_one_cm":11069},"minecraft:killed":{"irons_spellbooks:summoned_zombie":2,"irons_spellbooks:summoned_skeleton":2,"enemyexpansion:direwolf":1},"minecraft:used":{"regions_unexplored:pine_log":1,"minecraft:water_bucket":2,"minecraft:stone_pickaxe":8,"minecraft:wooden_pickaxe":24,"minecraft:iron_sword":106,"tombstone:grave_key":5,"minecraft:orange_bed":1,"minecraft:stone_axe":36,"minecraft:dirt":4,"minecraft:crafting_table":1,"minecraft:bucket":1,"chococraft:gysahl_green":2},"minecraft:mined":{"minecraft:podzol":4,"iceandfire:silver_ore":1,"regions_unexplored:stripped_redwood_log":1,"minecraft:crafting_table":1,"regions_unexplored:sandy_grass":1,"minecraft:grass":10,"chococraft:gysahl_green":41,"minecraft:grass_block":2,"minecraft:coal_ore":7,"minecraft:dirt":4,"minecraft:tall_grass":3,"regions_unexplored:medium_grass":5,"minecraft:stone":17,"regions_unexplored:redwood_log":35,"minecraft:orange_bed":2,"minecraft:fern":2,"regions_unexplored:pine_log":5},"minecraft:picked_up":{"chococraft:loverly_gysahl_green":6,"minecraft:crafting_table":1,"chococraft:chocobo_saddle_pack":1,"minecraft:water_bucket":1,"chococraft:gysahl_green_seeds":41,"minecraft:dirt":8,"regions_unexplored:stripped_redwood_log":1,"minecraft:orange_bed":2,"chococraft:gysahl_green":104,"chococraft:gold_gysahl":4,"regions_unexplored:pine_log":4,"minecraft:wheat_seeds":5,"tombstone:magic_scroll":1,"minecraft:acacia_sapling":1,"iceandfire:raw_silver":1,"regions_unexplored:redwood_log":34,"minecraft:coal":7,"minecraft:cobblestone":17},"minecraft:dropped":{"minecraft:water_bucket":1,"rustic_engineer:dragonfly_item":3,"minecraft:wheat_seeds":2,"minecraft:acacia_sapling":1,"minecraft:saddle":1},"minecraft:crafted":{"regions_unexplored:redwood_planks":136,"regions_unexplored:pine_planks":12,"minecraft:crafting_table":1,"minecraft:stick":8,"minecraft:wooden_pickaxe":1,"minecraft:stone_pickaxe":1,"minecraft:stone_axe":1}},"DataVersion":3465}