{"stats":{"minecraft:custom":{"lootr:looted_stat":12,"minecraft:mob_kills":14,"minecraft:interact_with_crafting_table":3,"minecraft:bell_ring":4,"minecraft:damage_dealt_resisted":41,"minecraft:leave_game":2,"minecraft:time_since_death":5778,"minecraft:sleep_in_bed":1,"minecraft:climb_one_cm":72,"minecraft:time_since_rest":5583,"minecraft:sprint_one_cm":75799,"minecraft:damage_taken":2155,"minecraft:walk_one_cm":196279,"minecraft:drop":9,"minecraft:damage_dealt":3332,"minecraft:swim_one_cm":6668,"minecraft:fly_one_cm":102232,"minecraft:crouch_one_cm":1539,"minecraft:play_time":60476,"tombstone:undead_killed":7,"minecraft:deaths":8,"minecraft:sneak_time":530,"minecraft:walk_under_water_one_cm":4559,"minecraft:jump":725,"minecraft:walk_on_water_one_cm":4261,"minecraft:total_world_time":60476,"minecraft:fall_one_cm":15527},"minecraft:killed":{"irons_spellbooks:summoned_zombie":2,"born_in_chaos_v1:spirit_guide_assistant":2,"enemyexpansion:sprinter":1,"enemyexpansion:direwolf":2,"born_in_chaos_v1:scarlet_persecutor":1,"minecraft:sheep":3,"irons_spellbooks:summoned_skeleton":2},"minecraft:used":{"minecraft:water_bucket":3,"minecraft:stone_pickaxe":9,"minecraft:wooden_pickaxe":24,"minecraft:iron_sword":234,"minecraft:orange_bed":1,"minecraft:dirt":4,"regions_unexplored:redwood_planks":38,"minecraft:crafting_table":1,"regions_unexplored:pine_log":1,"tombstone:grave_key":15,"minecraft:stone_axe":36,"minecraft:bucket":1,"tombstone:gift":2,"chococraft:gysahl_green":2},"minecraft:mined":{"minecraft:podzol":4,"iceandfire:silver_ore":1,"minecraft:crafting_table":1,"regions_unexplored:stripped_redwood_log":1,"minecraft:grass_block":2,"minecraft:tall_grass":8,"duneons:azure_crystal":1,"regions_unexplored:pine_log":5,"regions_unexplored:sandy_grass":1,"minecraft:grass":22,"chococraft:gysahl_green":58,"minecraft:coal_ore":7,"minecraft:dirt":4,"regions_unexplored:medium_grass":15,"minecraft:stone":17,"regions_unexplored:redwood_log":35,"regions_unexplored:windswept_grass":7,"minecraft:fern":2,"minecraft:orange_bed":2},"minecraft:picked_up":{"born_in_chaos_v1:corpse_maggot":1,"minecraft:crafting_table":1,"duneons:crystalblue":2,"chococraft:loverly_gysahl_green":7,"chococraft:chocobo_saddle_pack":1,"minecraft:water_bucket":1,"duneons:coin":2,"minecraft:dirt":8,"regions_unexplored:stripped_redwood_log":1,"tombstone:gift":1,"chococraft:gysahl_green":142,"chococraft:gold_gysahl":6,"minecraft:wheat_seeds":9,"irons_spellbooks:arcane_essence":4,"regions_unexplored:pine_log":4,"duneons:smallbow":1,"minecraft:iron_sword":1,"minecraft:acacia_sapling":1,"regions_unexplored:redwood_log":34,"born_in_chaos_v1:ethereal_spirit":1,"duneons:dungeonscharredcobblestoneslab":1,"minecraft:porkchop":1,"farmersdelight:tomato_seeds":5,"chococraft:gysahl_green_seeds":57,"minecraft:orange_bed":2,"duneons:featherblue":1,"alexsmobs:emu_egg":3,"minecraft:emerald":1,"tombstone:magic_scroll":1,"minecraft:white_wool":3,"minecraft:coal":7,"iceandfire:raw_silver":1,"minecraft:cobblestone":17},"minecraft:dropped":{"farmersdelight:tomato_seeds":5,"minecraft:water_bucket":1,"minecraft:iron_sword":1,"rustic_engineer:dragonfly_item":3,"minecraft:wheat_seeds":2,"minecraft:saddle":1,"minecraft:acacia_sapling":1},"minecraft:crafted":{"minecraft:crafting_table":1,"minecraft:wooden_pickaxe":1,"minecraft:stone_axe":1,"regions_unexplored:redwood_planks":136,"regions_unexplored:pine_planks":12,"minecraft:stick":8,"minecraft:stone_pickaxe":1}},"DataVersion":3465}