{"stats":{"minecraft:custom":{"minecraft:time_since_rest":21245,"minecraft:play_time":21245,"lootr:looted_stat":1,"minecraft:sprint_one_cm":10857,"minecraft:damage_taken":60,"minecraft:walk_one_cm":26261,"minecraft:sneak_time":4,"minecraft:walk_under_water_one_cm":427,"minecraft:drop":4,"minecraft:jump":81,"minecraft:leave_game":1,"minecraft:walk_on_water_one_cm":797,"minecraft:time_since_death":21245,"minecraft:total_world_time":21245,"minecraft:interact_with_crafting_table":1,"minecraft:swim_one_cm":5607,"minecraft:fall_one_cm":2663,"minecraft:fly_one_cm":8362},"minecraft:used":{"regions_unexplored:pine_log":1,"minecraft:water_bucket":2,"minecraft:crafting_table":1,"minecraft:bucket":1,"minecraft:wooden_pickaxe":18},"minecraft:mined":{"minecraft:podzol":1,"minecraft:coal_ore":1,"minecraft:dirt":3,"regions_unexplored:medium_grass":1,"minecraft:stone":17,"regions_unexplored:redwood_log":9,"regions_unexplored:pine_log":5,"regions_unexplored:sandy_grass":1},"minecraft:picked_up":{"minecraft:water_bucket":1,"regions_unexplored:pine_log":4,"minecraft:coal":1,"minecraft:cobblestone":17,"minecraft:dirt":4,"regions_unexplored:redwood_log":9},"minecraft:dropped":{"minecraft:water_bucket":1,"rustic_engineer:dragonfly_item":3},"minecraft:crafted":{"regions_unexplored:redwood_planks":36,"regions_unexplored:pine_planks":12,"minecraft:crafting_table":1,"minecraft:stick":4,"minecraft:wooden_pickaxe":1}},"DataVersion":3465}